Name;Labels;Proba class 0;Proba class 1
19.0;0.0;0.6047836542129517;0.3952163755893707
29.0;0.0;0.6070266962051392;0.3929733335971832
46.0;0.0;0.5893053412437439;0.4106946587562561
16.0;1.0;0.6005226373672485;0.3994774222373962
51.0;0.0;0.6148512959480286;0.3851487040519714
82.0;0.0;0.5919860601425171;0.4080139696598053
68.0;0.0;0.6002944707870483;0.3997055292129516
90.0;0.0;0.5954614281654358;0.4045385718345642
66.0;0.0;0.6063362956047058;0.3936637639999389
70.0;0.0;0.6034941673278809;0.3965058624744415
110.0;0.0;0.6061118245124817;0.3938881456851959
92.0;0.0;0.614123523235321;0.3858765065670013
160.0;0.0;0.6015822291374207;0.3984177708625793
95.0;0.0;0.6133988499641418;0.3866011500358581
149.0;0.0;0.5909869074821472;0.4090130925178528
155.0;0.0;0.614123523235321;0.3858765065670013
205.0;0.0;0.5942860245704651;0.4057140052318573
114.0;0.0;0.6121452450752258;0.3878548145294189
176.0;0.0;0.6003265380859375;0.3996734917163849
210.0;1.0;0.5887539982795715;0.4112460017204284
235.0;0.0;0.586737871170044;0.4132620990276336
258.0;0.0;0.6245720386505127;0.3754280507564544
257.0;0.0;0.6054390668869019;0.3945609033107757
223.0;0.0;0.596653401851654;0.4033465683460235
274.0;0.0;0.5990862846374512;0.4009137153625488
279.0;0.0;0.6049665808677673;0.3950334787368774
282.0;0.0;0.614219069480896;0.385780930519104
262.0;1.0;0.593283474445343;0.4067165553569793
175.0;0.0;0.6119591593742371;0.3880408704280853
301.0;0.0;0.5984720587730408;0.4015279412269592
299.0;0.0;0.6245720386505127;0.3754280507564544
296.0;1.0;0.6105325818061829;0.3894673585891723
302.0;0.0;0.6022730469703674;0.3977269828319549
317.0;0.0;0.6207796335220337;0.3792203068733215
315.0;0.0;0.5960553884506226;0.4039446711540222
280.0;1.0;0.5954614281654358;0.4045385718345642
196.0;1.0;0.6003265380859375;0.3996734917163849
351.0;0.0;0.5978618264198303;0.402138203382492
285.0;0.0;0.6041242480278015;0.3958757817745209
356.0;0.0;0.5845707654953003;0.4154292345046997
361.0;1.0;0.5996010303497314;0.4003989696502685
350.0;1.0;0.5972555875778198;0.4027444124221802
363.0;0.0;0.5960553884506226;0.4039446711540222
386.0;0.0;0.552721381187439;0.4472786784172058
397.0;0.0;0.6028531193733215;0.3971468806266784
393.0;0.0;0.5937045812606812;0.4062953591346741
303.0;0.0;0.6047871708869934;0.3952128291130066
166.0;0.0;0.6150249242782593;0.3849751055240631
413.0;0.0;0.5925545692443848;0.4074453711509704
366.0;1.0;0.5832511782646179;0.4167488515377044
426.0;0.0;0.5828197002410889;0.4171803295612335
424.0;1.0;0.595823347568512;0.4041766822338104
442.0;0.0;0.5919860601425171;0.4080139696598053
445.0;1.0;0.5915552973747253;0.408444732427597
352.0;0.0;0.6291989088058472;0.3708011507987976
475.0;0.0;0.5914218425750732;0.4085781872272491
229.0;0.0;0.5753434896469116;0.4246564507484436
486.0;1.0;0.6036120057106018;0.3963879942893982
524.0;1.0;0.5938670039176941;0.4061329364776611
347.0;0.0;0.6129281520843506;0.387071818113327
39.0;0.0;0.6087508201599121;0.3912492394447326
538.0;1.0;0.5937045812606812;0.4062953591346741
575.0;1.0;0.6002944707870483;0.3997055292129516
581.0;0.0;0.5984720587730408;0.4015279412269592
577.0;1.0;0.5978618264198303;0.402138203382492
565.0;1.0;0.5915552973747253;0.408444732427597
511.0;0.0;0.5964476466178894;0.4035522937774658
597.0;0.0;0.5728895664215088;0.4271104335784912
100.0;1.0;0.6015192270278931;0.3984807729721069
636.0;0.0;0.6067534685134888;0.3932465612888336
151.0;0.0;0.6009499430656433;0.3990500569343567
670.0;1.0;0.5948715806007385;0.4051283597946167
675.0;0.0;0.6112442016601562;0.3887557685375213
647.0;0.0;0.5948715806007385;0.4051283597946167
143.0;0.0;0.6009499430656433;0.3990500569343567
686.0;0.0;0.5937045812606812;0.4062953591346741
658.0;0.0;0.5937045812606812;0.4062953591346741
410.0;0.0;0.5752596855163574;0.4247402846813202
698.0;1.0;0.6192806959152222;0.3807193338871002
701.0;1.0;0.6056495308876038;0.3943504691123962
699.0;1.0;0.5960553884506226;0.4039446711540222
725.0;0.0;0.5925545692443848;0.4074453711509704
712.0;0.0;0.5630465149879456;0.4369534254074096
758.0;0.0;0.5925545692443848;0.4074453711509704
813.0;0.0;0.6098244190216064;0.3901755511760711
291.0;1.0;0.6177926659584045;0.3822073638439178
815.0;1.0;0.5877956748008728;0.4122044146060943
777.0;1.0;0.5942860245704651;0.4057140052318573
766.0;0.0;0.5972555875778198;0.4027444124221802
603.0;0.0;0.5960553884506226;0.4039446711540222
671.0;0.0;0.5935209393501282;0.406479001045227
600.0;0.0;0.5689647197723389;0.4310352504253387
853.0;0.0;0.5872342586517334;0.4127657413482666
828.0;1.0;0.5984720587730408;0.4015279412269592
733.0;0.0;0.6030431389808655;0.3969568610191345
784.0;0.0;0.6276480555534363;0.3723519444465637
797.0;0.0;0.6268757581710815;0.373124212026596
516.0;0.0;0.616316020488739;0.3836839497089386
710.0;1.0;0.5645690560340881;0.4354309439659118
664.0;1.0;0.5937045812606812;0.4062953591346741
649.0;0.0;0.6284224987030029;0.3715775310993194
775.0;0.0;0.6184441447257996;0.3815558552742004
643.0;0.0;0.5978618264198303;0.402138203382492
566.0;0.0;0.6036120057106018;0.3963879942893982
949.0;0.0;0.5862458348274231;0.4137541651725769
884.0;0.0;0.6034941673278809;0.3965058624744415
960.0;0.0;0.5932652950286865;0.4067347049713135
962.0;1.0;0.6191577315330505;0.3808422684669494
965.0;0.0;0.596653401851654;0.4033465683460235
851.0;0.0;0.6185352802276611;0.3814647495746612
971.0;0.0;0.5974451899528503;0.4025547802448272
898.0;1.0;0.6017765998840332;0.3982234597206116
929.0;0.0;0.6084184050559998;0.3915815353393554
521.0;0.0;0.6022730469703674;0.3977269828319549
753.0;0.0;0.5927035808563232;0.4072963893413543
1014.0;0.0;0.590861976146698;0.409138023853302
989.0;0.0;0.5836868286132812;0.4163132011890411
1021.0;0.0;0.609119713306427;0.3908803164958954
990.0;0.0;0.6022157669067383;0.3977841734886169
1010.0;0.0;0.5438429713249207;0.4561570286750793
950.0;0.0;0.5924316048622131;0.4075683057308197
1027.0;0.0;0.6112442016601562;0.3887557685375213
1013.0;0.0;0.6087508201599121;0.3912492394447326
982.0;0.0;0.5997044444084167;0.4002955853939056
1039.0;0.0;0.5997947454452515;0.4002052247524261
1064.0;1.0;0.5880740284919739;0.4119259119033813
1075.0;0.0;0.5931274890899658;0.4068725407123565
1095.0;0.0;0.5903064608573914;0.4096934795379638
1108.0;0.0;0.6077207922935486;0.3922792375087738
1107.0;0.0;0.6009499430656433;0.3990500569343567
1086.0;0.0;0.659608781337738;0.3403911888599396
997.0;0.0;0.596653401851654;0.4033465683460235
1074.0;1.0;0.604287326335907;0.3957126140594482
1132.0;0.0;0.5948715806007385;0.4051283597946167
179.0;0.0;0.5960553884506226;0.4039446711540222
1141.0;0.0;0.6155821681022644;0.3844178915023803
1144.0;0.0;0.6534817218780518;0.3465182781219482
1164.0;0.0;0.5954614281654358;0.4045385718345642
1015.0;1.0;0.5954614281654358;0.4045385718345642
1183.0;0.0;0.5948715806007385;0.4051283597946167
1018.0;0.0;0.5948715806007385;0.4051283597946167
1153.0;0.0;0.6087508201599121;0.3912492394447326
498.0;0.0;0.6049665808677673;0.3950334787368774
1145.0;0.0;0.6009499430656433;0.3990500569343567
1221.0;0.0;0.5996431112289429;0.4003568887710571
1229.0;0.0;0.6112442016601562;0.3887557685375213
50.0;0.0;0.5942860245704651;0.4057140052318573
1249.0;0.0;0.5852746963500977;0.4147252142429352
1279.0;1.0;0.5817402005195618;0.4182597398757934
748.0;0.0;0.6056125164031982;0.394387423992157
1138.0;1.0;0.6084184050559998;0.3915815353393554
1281.0;0.0;0.6156163215637207;0.3843836784362793
1134.0;0.0;0.5950453877449036;0.4049546718597412
1296.0;0.0;0.6200287938117981;0.3799711763858795
1289.0;0.0;0.5942860245704651;0.4057140052318573
1297.0;1.0;0.6087508201599121;0.3912492394447326
1278.0;1.0;0.6002944707870483;0.3997055292129516
1215.0;0.0;0.6067534685134888;0.3932465612888336
1317.0;1.0;0.5815505981445312;0.4184493720531463
1320.0;0.0;0.5986437201499939;0.4013562798500061
1315.0;0.0;0.6036120057106018;0.3963879942893982
1328.0;0.0;0.6070266962051392;0.3929733335971832
232.0;0.0;0.616316020488739;0.3836839497089386
1323.0;0.0;0.5924316048622131;0.4075683057308197
1250.0;1.0;0.602940559387207;0.3970594406127929
1313.0;0.0;0.6041242480278015;0.3958757817745209
1361.0;1.0;0.6054390668869019;0.3945609033107757
1366.0;0.0;0.6105325818061829;0.3894673585891723
1385.0;0.0;0.5960553884506226;0.4039446711540222
1374.0;0.0;0.5958614349365234;0.4041384756565094
1071.0;1.0;0.6191577315330505;0.3808422684669494
872.0;0.0;0.6049665808677673;0.3950334787368774
1424.0;0.0;0.6170528531074524;0.3829470872879028
1417.0;0.0;0.5960553884506226;0.4039446711540222
1440.0;0.0;0.5938670039176941;0.4061329364776611
1430.0;0.0;0.6009525060653687;0.3990475535392761
1365.0;0.0;0.5932652950286865;0.4067347049713135
1445.0;0.0;0.6028531193733215;0.3971468806266784
1431.0;1.0;0.6003265380859375;0.3996734917163849
1243.0;1.0;0.6002944707870483;0.3997055292129516
1461.0;0.0;0.5972555875778198;0.4027444124221802
1484.0;0.0;0.578377366065979;0.4216226935386657
1449.0;0.0;0.6077207922935486;0.3922792375087738
1499.0;1.0;0.6030431389808655;0.3969568610191345
1463.0;0.0;0.6192806959152222;0.3807193338871002
1429.0;0.0;0.6148512959480286;0.3851487040519714
1443.0;0.0;0.5914218425750732;0.4085781872272491
1491.0;0.0;0.5997044444084167;0.4002955853939056
1506.0;0.0;0.6015822291374207;0.3984177708625793
1295.0;0.0;0.5937045812606812;0.4062953591346741
1211.0;1.0;0.5909869074821472;0.4090130925178528
1508.0;0.0;0.6074157953262329;0.3925841450691223
1318.0;1.0;0.6028531193733215;0.3971468806266784
1525.0;0.0;0.5903023481369019;0.4096977412700653
1550.0;0.0;0.6067534685134888;0.3932465612888336
528.0;0.0;0.6264249682426453;0.3735750019550323
1544.0;0.0;0.6107779145240784;0.389222115278244
891.0;0.0;0.5983399152755737;0.4016601741313934
1549.0;0.0;0.5962381958961487;0.4037618339061737
1032.0;0.0;0.5942860245704651;0.4057140052318573
1557.0;0.0;0.6185352802276611;0.3814647495746612
1572.0;0.0;0.6074157953262329;0.3925841450691223
1575.0;0.0;0.590861976146698;0.409138023853302
915.0;0.0;0.6242213249206543;0.3757787346839905
1599.0;0.0;0.6041388511657715;0.3958611488342285
1470.0;0.0;0.5937045812606812;0.4062953591346741
1597.0;1.0;0.6049665808677673;0.3950334787368774
1609.0;1.0;0.601609468460083;0.3983905017375946
1626.0;0.0;0.6149162650108337;0.3850837349891662
1615.0;0.0;0.6054390668869019;0.3945609033107757
1619.0;1.0;0.5963144898414612;0.4036855399608612
1623.0;0.0;0.5764631628990173;0.4235368072986603
923.0;1.0;0.5857580900192261;0.4142419099807739
1638.0;0.0;0.596653401851654;0.4033465683460235
1631.0;0.0;0.5887491703033447;0.4112508594989776
1610.0;0.0;0.5857580900192261;0.4142419099807739
1639.0;0.0;0.6036120057106018;0.3963879942893982
1663.0;0.0;0.5948715806007385;0.4051283597946167
1178.0;0.0;0.6074157953262329;0.3925841450691223
910.0;1.0;0.5929743051528931;0.4070257246494293
1679.0;0.0;0.6015822291374207;0.3984177708625793
1640.0;0.0;0.6034941673278809;0.3965058624744415
1667.0;0.0;0.5984720587730408;0.4015279412269592
1691.0;0.0;0.5815505981445312;0.4184493720531463
1425.0;0.0;0.5962381958961487;0.4037618339061737
1721.0;1.0;0.6002944707870483;0.3997055292129516
1710.0;0.0;0.6215330958366394;0.3784668743610382
1694.0;0.0;0.5986195206642151;0.4013804793357849
1720.0;0.0;0.6028531193733215;0.3971468806266784
117.0;0.0;0.6036120057106018;0.3963879942893982
1718.0;0.0;0.6177926659584045;0.3822073638439178
1716.0;0.0;0.6009499430656433;0.3990500569343567
1722.0;0.0;0.5931274890899658;0.4068725407123565
1726.0;0.0;0.5963144898414612;0.4036855399608612
1723.0;0.0;0.5960553884506226;0.4039446711540222
1725.0;0.0;0.6126773357391357;0.3873226046562195
1637.0;1.0;0.6022157669067383;0.3977841734886169
1540.0;0.0;0.5724142789840698;0.4275857508182525
1742.0;1.0;0.5960553884506226;0.4039446711540222
1746.0;1.0;0.6177926659584045;0.3822073638439178
1409.0;0.0;0.6052619218826294;0.3947380483150482
1800.0;0.0;0.5897554159164429;0.4102445244789123
1782.0;1.0;0.5946264266967773;0.4053735136985779
1781.0;0.0;0.6148512959480286;0.3851487040519714
1797.0;0.0;0.5897803902626038;0.410219669342041
1743.0;1.0;0.5887491703033447;0.4112508594989776
1755.0;0.0;0.5847957134246826;0.415204256772995
1771.0;0.0;0.6215330958366394;0.3784668743610382
1785.0;0.0;0.6080816388130188;0.3919183313846588
1787.0;0.0;0.5931274890899658;0.4068725407123565
1795.0;0.0;0.5931274890899658;0.4068725407123565
1794.0;0.0;0.6100989580154419;0.3899010121822357
1770.0;0.0;0.5978618264198303;0.402138203382492
1796.0;0.0;0.6112442016601562;0.3887557685375213
1803.0;0.0;0.6022730469703674;0.3977269828319549
1849.0;0.0;0.6080816388130188;0.3919183313846588
1866.0;0.0;0.6003265380859375;0.3996734917163849
1872.0;0.0;0.5984720587730408;0.4015279412269592
1811.0;0.0;0.6170528531074524;0.3829470872879028
1814.0;1.0;0.6114599704742432;0.3885399997234344
1874.0;0.0;0.6070266962051392;0.3929733335971832
1834.0;0.0;0.5964492559432983;0.4035507142543793
1839.0;0.0;0.5935209393501282;0.406479001045227
1867.0;1.0;0.6268757581710815;0.373124212026596
1856.0;0.0;0.5990862846374512;0.4009137153625488
1824.0;0.0;0.5970795154571533;0.402920514345169
1836.0;0.0;0.6148512959480286;0.3851487040519714
1275.0;1.0;0.604287326335907;0.3957126140594482
1894.0;1.0;0.6133988499641418;0.3866011500358581
1890.0;0.0;0.601609468460083;0.3983905017375946
1892.0;0.0;0.5865832567214966;0.4134167432785034
1891.0;0.0;0.6192806959152222;0.3807193338871002
1915.0;0.0;0.5908284187316895;0.4091716110706329
1895.0;0.0;0.5989958643913269;0.4010041058063507
1897.0;0.0;0.59835284948349;0.40164715051651
1948.0;0.0;0.6110002994537354;0.3889996707439422
1939.0;0.0;0.5815505981445312;0.4184493720531463
1952.0;0.0;0.6056495308876038;0.3943504691123962
1955.0;0.0;0.6009525060653687;0.3990475535392761
1978.0;0.0;0.5978618264198303;0.402138203382492
1933.0;0.0;0.5960553884506226;0.4039446711540222
1926.0;0.0;0.6041388511657715;0.3958611488342285
1931.0;0.0;0.6105325818061829;0.3894673585891723
1920.0;0.0;0.5919860601425171;0.4080139696598053
1956.0;1.0;0.6009525060653687;0.3990475535392761
1799.0;1.0;0.6230476498603821;0.3769523501396179
1944.0;1.0;0.5857580900192261;0.4142419099807739
1958.0;0.0;0.5881289839744568;0.4118710160255432
1964.0;0.0;0.5964492559432983;0.4035507142543793
1412.0;1.0;0.5978618264198303;0.402138203382492
1976.0;0.0;0.6074157953262329;0.3925841450691223
1966.0;0.0;0.6080816388130188;0.3919183313846588
901.0;0.0;0.6009525060653687;0.3990475535392761
2016.0;0.0;0.609119713306427;0.3908803164958954
1996.0;1.0;0.6034941673278809;0.3965058624744415
2030.0;0.0;0.5719537734985352;0.4280461966991424
2036.0;0.0;0.6207796335220337;0.3792203068733215
765.0;0.0;0.5997044444084167;0.4002955853939056
2025.0;0.0;0.5908284187316895;0.4091716110706329
2043.0;0.0;0.5929743051528931;0.4070257246494293
2033.0;1.0;0.5972555875778198;0.4027444124221802
2031.0;0.0;0.6191577315330505;0.3808422684669494
2040.0;0.0;0.6098244190216064;0.3901755511760711
2038.0;1.0;0.5972555875778198;0.4027444124221802
2042.0;0.0;0.6084184050559998;0.3915815353393554
569.0;0.0;0.6100989580154419;0.3899010121822357
2064.0;1.0;0.5970795154571533;0.402920514345169
1809.0;0.0;0.616316020488739;0.3836839497089386
2056.0;1.0;0.6215330958366394;0.3784668743610382
2072.0;0.0;0.617024838924408;0.3829752206802368
490.0;0.0;0.5783862471580505;0.4216137230396271
2068.0;0.0;0.6135247945785522;0.3864752054214477
2069.0;0.0;0.6054390668869019;0.3945609033107757
2080.0;0.0;0.5954614281654358;0.4045385718345642
2108.0;0.0;0.5913587212562561;0.4086413085460663
2088.0;1.0;0.5977140069007874;0.4022859036922455
2101.0;0.0;0.6036120057106018;0.3963879942893982
2084.0;0.0;0.5914218425750732;0.4085781872272491
2102.0;0.0;0.5914218425750732;0.4085781872272491
2013.0;0.0;0.6098244190216064;0.3901755511760711
2124.0;1.0;0.5954614281654358;0.4045385718345642
1101.0;0.0;0.6155821681022644;0.3844178915023803
2119.0;0.0;0.6114599704742432;0.3885399997234344
2145.0;0.0;0.6056495308876038;0.3943504691123962
2126.0;0.0;0.5937045812606812;0.4062953591346741
2139.0;0.0;0.6002944707870483;0.3997055292129516
2083.0;0.0;0.6054461598396301;0.3945537805557251
2133.0;0.0;0.5897803902626038;0.410219669342041
2134.0;0.0;0.5990862846374512;0.4009137153625488
2156.0;0.0;0.5984720587730408;0.4015279412269592
2121.0;0.0;0.577972412109375;0.4220276176929474
2132.0;0.0;0.6156163215637207;0.3843836784362793
1757.0;1.0;0.6049665808677673;0.3950334787368774
1285.0;1.0;0.614123523235321;0.3858765065670013
2144.0;0.0;0.5960553884506226;0.4039446711540222
2158.0;0.0;0.5963144898414612;0.4036855399608612
2149.0;0.0;0.6177331209182739;0.3822668194770813
1993.0;0.0;0.6054390668869019;0.3945609033107757
2141.0;0.0;0.6177926659584045;0.3822073638439178
2163.0;0.0;0.5671185851097107;0.4328814148902893
2168.0;0.0;0.5929743051528931;0.4070257246494293
2035.0;0.0;0.6238086223602295;0.3761913478374481
2206.0;0.0;0.6148512959480286;0.3851487040519714
1393.0;1.0;0.6354758739471436;0.3645241558551788
2220.0;0.0;0.6185352802276611;0.3814647495746612
2167.0;0.0;0.6074157953262329;0.3925841450691223
1734.0;1.0;0.5862458348274231;0.4137541651725769
2221.0;1.0;0.5887527465820312;0.4112472236156463
2185.0;0.0;0.6084184050559998;0.3915815353393554
2211.0;1.0;0.6128334999084473;0.3871665000915527
2196.0;0.0;0.5791268944740295;0.4208731055259704
2202.0;1.0;0.5919860601425171;0.4080139696598053
2200.0;0.0;0.6112442016601562;0.3887557685375213
2203.0;0.0;0.6331381797790527;0.3668618202209472
2219.0;0.0;0.6074157953262329;0.3925841450691223
1444.0;0.0;0.6121452450752258;0.3878548145294189
2237.0;1.0;0.5893053412437439;0.4106946587562561
2243.0;0.0;0.6268757581710815;0.373124212026596
2231.0;0.0;0.609119713306427;0.3908803164958954
2259.0;0.0;0.6077207922935486;0.3922792375087738
1493.0;0.0;0.5913587212562561;0.4086413085460663
2258.0;0.0;0.5978618264198303;0.402138203382492
2238.0;0.0;0.6163191795349121;0.3836807906627655
2236.0;0.0;0.5925545692443848;0.4074453711509704
2245.0;0.0;0.6105325818061829;0.3894673585891723
2242.0;0.0;0.6200287938117981;0.3799711763858795
2251.0;1.0;0.6047871708869934;0.3952128291130066
2271.0;0.0;0.604287326335907;0.3957126140594482
2280.0;0.0;0.6080816388130188;0.3919183313846588
2269.0;0.0;0.6268757581710815;0.373124212026596
2265.0;0.0;0.5929743051528931;0.4070257246494293
2283.0;0.0;0.5978618264198303;0.402138203382492
2275.0;0.0;0.6049665808677673;0.3950334787368774
2295.0;0.0;0.5841267108917236;0.4158732891082763
2311.0;0.0;0.5702570676803589;0.4297429025173187
2352.0;0.0;0.6002944707870483;0.3997055292129516
2302.0;0.0;0.5963144898414612;0.4036855399608612
2326.0;0.0;0.5954614281654358;0.4045385718345642
2293.0;0.0;0.5914218425750732;0.4085781872272491
2319.0;1.0;0.59835284948349;0.40164715051651
2305.0;1.0;0.604287326335907;0.3957126140594482
2301.0;0.0;0.5972555875778198;0.4027444124221802
2307.0;0.0;0.5997044444084167;0.4002955853939056
2366.0;0.0;0.5970795154571533;0.402920514345169
2289.0;0.0;0.5694933533668518;0.4305066466331482
2315.0;0.0;0.5937045812606812;0.4062953591346741
2320.0;0.0;0.6009525060653687;0.3990475535392761
2360.0;0.0;0.586737871170044;0.4132620990276336
2388.0;0.0;0.6049665808677673;0.3950334787368774
2347.0;0.0;0.6041388511657715;0.3958611488342285
2356.0;0.0;0.5992053151130676;0.4007947742938995
2435.0;0.0;0.6170528531074524;0.3829470872879028
2424.0;0.0;0.5813502669334412;0.4186497330665588
2346.0;1.0;0.5903064608573914;0.4096934795379638
2345.0;0.0;0.5960553884506226;0.4039446711540222
2387.0;0.0;0.6121452450752258;0.3878548145294189
2361.0;0.0;0.6215330958366394;0.3784668743610382
2421.0;0.0;0.6003265380859375;0.3996734917163849
2415.0;0.0;0.5897554159164429;0.4102445244789123
2443.0;0.0;0.6054390668869019;0.3945609033107757
2449.0;0.0;0.6054390668869019;0.3945609033107757
2451.0;0.0;0.5897803902626038;0.410219669342041
2469.0;0.0;0.602940559387207;0.3970594406127929
2456.0;0.0;0.586853563785553;0.4131464064121246
2446.0;0.0;0.6185352802276611;0.3814647495746612
2495.0;0.0;0.6047871708869934;0.3952128291130066
2487.0;0.0;0.5954614281654358;0.4045385718345642
2520.0;1.0;0.5903064608573914;0.4096934795379638
2498.0;0.0;0.5915552973747253;0.408444732427597
2546.0;0.0;0.6056495308876038;0.3943504691123962
2568.0;0.0;0.5996431112289429;0.4003568887710571
1810.0;1.0;0.6105325818061829;0.3894673585891723
2532.0;0.0;0.6063362956047058;0.3936637639999389
1827.0;0.0;0.6230476498603821;0.3769523501396179
2477.0;0.0;0.5841267108917236;0.4158732891082763
2431.0;0.0;0.6054390668869019;0.3945609033107757
2482.0;0.0;0.595201849937439;0.4047982096672058
2478.0;0.0;0.6105325818061829;0.3894673585891723
2525.0;0.0;0.6049665808677673;0.3950334787368774
1837.0;0.0;0.616316020488739;0.3836839497089386
2537.0;0.0;0.5919860601425171;0.4080139696598053
2531.0;1.0;0.5897554159164429;0.4102445244789123
2567.0;0.0;0.6184441447257996;0.3815558552742004
2550.0;0.0;0.6015822291374207;0.3984177708625793
2583.0;0.0;0.5974451899528503;0.4025547802448272
2442.0;0.0;0.587422788143158;0.412577211856842
2557.0;0.0;0.6126773357391357;0.3873226046562195
2587.0;0.0;0.6084184050559998;0.3915815353393554
2574.0;0.0;0.6077207922935486;0.3922792375087738
2630.0;0.0;0.5931274890899658;0.4068725407123565
2607.0;1.0;0.5819693803787231;0.4180305600166321
2636.0;0.0;0.6022730469703674;0.3977269828319549
2646.0;0.0;0.614123523235321;0.3858765065670013
2644.0;0.0;0.6047871708869934;0.3952128291130066
2493.0;0.0;0.5990862846374512;0.4009137153625488
2613.0;0.0;0.6087508201599121;0.3912492394447326
2634.0;0.0;0.5807257890701294;0.4192743003368377
2673.0;0.0;0.6067534685134888;0.3932465612888336
2445.0;0.0;0.5710767507553101;0.4289232492446899
2720.0;0.0;0.6185352802276611;0.3814647495746612
2659.0;0.0;0.5914218425750732;0.4085781872272491
2658.0;0.0;0.6163164377212524;0.3836835324764251
2662.0;0.0;0.5937045812606812;0.4062953591346741
2620.0;1.0;0.614123523235321;0.3858765065670013
2716.0;0.0;0.595823347568512;0.4041766822338104
2715.0;1.0;0.6087508201599121;0.3912492394447326
2686.0;0.0;0.6128334999084473;0.3871665000915527
2677.0;1.0;0.601609468460083;0.3983905017375946
1133.0;0.0;0.6041388511657715;0.3958611488342285
2762.0;0.0;0.5919860601425171;0.4080139696598053
2777.0;0.0;0.5827948451042175;0.4172051548957824
2761.0;0.0;0.5946264266967773;0.4053735136985779
2803.0;0.0;0.5942860245704651;0.4057140052318573
2806.0;1.0;0.5791268944740295;0.4208731055259704
2765.0;0.0;0.5925545692443848;0.4074453711509704
2488.0;0.0;0.6003265380859375;0.3996734917163849
2827.0;0.0;0.6112442016601562;0.3887557685375213
2725.0;0.0;0.616316020488739;0.3836839497089386
2864.0;0.0;0.5929743051528931;0.4070257246494293
2819.0;0.0;0.6067534685134888;0.3932465612888336
2841.0;0.0;0.5945847034454346;0.4054153263568878
2804.0;1.0;0.6060945391654968;0.3939054906368255
2726.0;0.0;0.6084184050559998;0.3915815353393554
2867.0;1.0;0.6114599704742432;0.3885399997234344
2869.0;0.0;0.6170528531074524;0.3829470872879028
2882.0;0.0;0.6215330958366394;0.3784668743610382
2981.0;0.0;0.602940559387207;0.3970594406127929
2984.0;0.0;0.562493622303009;0.4375064074993133
2839.0;0.0;0.6022157669067383;0.3977841734886169
2987.0;0.0;0.5970795154571533;0.402920514345169
3095.0;0.0;0.5996431112289429;0.4003568887710571
2979.0;0.0;0.6067534685134888;0.3932465612888336
2813.0;0.0;0.6142939925193787;0.3857059776782989
2940.0;0.0;0.6135247945785522;0.3864752054214477
2978.0;0.0;0.5984720587730408;0.4015279412269592
2899.0;0.0;0.617142915725708;0.3828569948673248
2866.0;0.0;0.6087508201599121;0.3912492394447326
3021.0;0.0;0.59835284948349;0.40164715051651
2909.0;0.0;0.5997044444084167;0.4002955853939056
3087.0;1.0;0.5892626643180847;0.4107373654842376
3006.0;0.0;0.6015822291374207;0.3984177708625793
3015.0;0.0;0.6094232201576233;0.3905767500400543
3092.0;0.0;0.6077207922935486;0.3922792375087738
3072.0;0.0;0.596653401851654;0.4033465683460235
3028.0;0.0;0.5918931365013123;0.4081068933010101
3079.0;1.0;0.5892626643180847;0.4107373654842376
3110.0;0.0;0.6030431389808655;0.3969568610191345
3094.0;0.0;0.5798311829566956;0.4201687574386596
3111.0;0.0;0.6034941673278809;0.3965058624744415
3150.0;0.0;0.593283474445343;0.4067165553569793
3121.0;1.0;0.6028531193733215;0.3971468806266784
3109.0;0.0;0.6003265380859375;0.3996734917163849
3115.0;0.0;0.5937045812606812;0.4062953591346741
2845.0;0.0;0.590861976146698;0.409138023853302
3165.0;0.0;0.5996431112289429;0.4003568887710571
3122.0;1.0;0.5978618264198303;0.402138203382492
3126.0;0.0;0.601609468460083;0.3983905017375946
3166.0;1.0;0.5886666178703308;0.411333292722702
2760.0;0.0;0.5862458348274231;0.4137541651725769
3217.0;0.0;0.5931274890899658;0.4068725407123565
3215.0;0.0;0.5852746963500977;0.4147252142429352
3235.0;0.0;0.596653401851654;0.4033465683460235
3205.0;0.0;0.5798311829566956;0.4201687574386596
2885.0;0.0;0.6036120057106018;0.3963879942893982
2851.0;1.0;0.5908284187316895;0.4091716110706329
3137.0;0.0;0.5919860601425171;0.4080139696598053
3185.0;0.0;0.6063362956047058;0.3936637639999389
3099.0;0.0;0.5946264266967773;0.4053735136985779
2998.0;0.0;0.6087508201599121;0.3912492394447326
2650.0;0.0;0.6150249242782593;0.3849751055240631
3003.0;1.0;0.5897286534309387;0.410271406173706
3183.0;0.0;0.5811360478401184;0.4188639521598816
2651.0;0.0;0.609119713306427;0.3908803164958954
2691.0;0.0;0.5984720587730408;0.4015279412269592
2943.0;0.0;0.5992053151130676;0.4007947742938995
2976.0;0.0;0.596653401851654;0.4033465683460235
2958.0;0.0;0.5881289839744568;0.4118710160255432
2955.0;0.0;0.6276480555534363;0.3723519444465637
2873.0;1.0;0.6034941673278809;0.3965058624744415
2988.0;0.0;0.5960553884506226;0.4039446711540222
2989.0;0.0;0.6015822291374207;0.3984177708625793
2775.0;0.0;0.6009847521781921;0.3990152478218078
3201.0;0.0;0.6126773357391357;0.3873226046562195
3210.0;0.0;0.5970795154571533;0.402920514345169
3596.0;0.0;0.6022730469703674;0.3977269828319549
3175.0;0.0;0.6279041767120361;0.3720957338809967
3211.0;0.0;0.6126773357391357;0.3873226046562195
3221.0;0.0;0.5978618264198303;0.402138203382492
3207.0;0.0;0.5924316048622131;0.4075683057308197
3173.0;0.0;0.596653401851654;0.4033465683460235
3214.0;0.0;0.5978618264198303;0.402138203382492
3244.0;0.0;0.6148512959480286;0.3851487040519714
2918.0;0.0;0.5892626643180847;0.4107373654842376
3253.0;1.0;0.5977140069007874;0.4022859036922455
3170.0;0.0;0.6074157953262329;0.3925841450691223
3615.0;0.0;0.5996431112289429;0.4003568887710571
3.0;0.0;0.5840309262275696;0.4159690737724304
1.0;1.0;0.5797011852264404;0.4202987849712372
7.0;1.0;0.5813373327255249;0.4186626672744751
34.0;0.0;0.5808842778205872;0.4191157221794128
20.0;0.0;0.5798895955085754;0.4201104044914245
44.0;0.0;0.5827596187591553;0.4172403812408447
35.0;0.0;0.5940930247306824;0.4059069752693176
24.0;0.0;0.5797011852264404;0.4202987849712372
57.0;0.0;0.5801671743392944;0.4198328554630279
58.0;0.0;0.5811814665794373;0.4188185632228851
55.0;0.0;0.581787109375;0.418212890625
28.0;1.0;0.5800524950027466;0.419947475194931
62.0;1.0;0.6125789880752563;0.3874209821224212
86.0;0.0;0.5803481936454773;0.4196517765522003
97.0;0.0;0.5840309262275696;0.4159690737724304
94.0;1.0;0.5983982682228088;0.4016017019748688
128.0;0.0;0.5807429552078247;0.4192569851875305
77.0;0.0;0.5807429552078247;0.4192569851875305
113.0;0.0;0.5932811498641968;0.4067188501358032
96.0;1.0;0.593846321105957;0.4061536192893982
173.0;0.0;0.5847323536872864;0.415267676115036
172.0;0.0;0.6116653084754944;0.388334721326828
218.0;0.0;0.579787015914917;0.4202130138874054
105.0;0.0;0.5803481936454773;0.4196517765522003
134.0;0.0;0.579787015914917;0.4202130138874054
150.0;0.0;0.5936023592948914;0.4063976407051086
211.0;0.0;0.5797132253646851;0.4202867448329925
201.0;0.0;0.5797011852264404;0.4202987849712372
219.0;1.0;0.5913091897964478;0.4086907804012298
217.0;0.0;0.5854774117469788;0.4145225584506988
228.0;1.0;0.5901960134506226;0.4098040163516998
239.0;0.0;0.5840309262275696;0.4159690737724304
267.0;0.0;0.5913091897964478;0.4086907804012298
275.0;0.0;0.5799160003662109;0.4200840294361114
187.0;0.0;0.5797011852264404;0.4202987849712372
294.0;1.0;0.5797621011734009;0.4202378690242767
289.0;0.0;0.5797132253646851;0.4202867448329925
305.0;0.0;0.5800806879997253;0.4199192821979522
284.0;0.0;0.6008005738258362;0.3991994559764862
323.0;1.0;0.5897006392478943;0.4102994501590729
320.0;0.0;0.5897331237792969;0.4102668762207031
311.0;1.0;0.5797011852264404;0.4202987849712372
242.0;1.0;0.5797132253646851;0.4202867448329925
332.0;0.0;0.579787015914917;0.4202130138874054
269.0;0.0;0.5799970030784607;0.4200029969215393
354.0;0.0;0.5797132253646851;0.4202867448329925
273.0;0.0;0.5902633666992188;0.409736692905426
362.0;0.0;0.5816636681556702;0.4183363020420074
374.0;0.0;0.5868163108825684;0.4131837785243988
372.0;0.0;0.5833733677864075;0.4166266620159149
389.0;0.0;0.5818502306938171;0.4181497395038605
385.0;0.0;0.5805073976516724;0.41949263215065
392.0;1.0;0.5797011852264404;0.4202987849712372
380.0;0.0;0.5990716218948364;0.4009284079074859
381.0;1.0;0.5797621011734009;0.4202378690242767
395.0;0.0;0.5797132253646851;0.4202867448329925
407.0;0.0;0.5897331237792969;0.4102668762207031
417.0;1.0;0.5812326073646545;0.4187673926353454
421.0;1.0;0.5797011852264404;0.4202987849712372
304.0;0.0;0.5945160984992981;0.4054839015007019
415.0;0.0;0.5797132253646851;0.4202867448329925
423.0;1.0;0.5847323536872864;0.415267676115036
440.0;0.0;0.5797375440597534;0.4202624559402466
439.0;1.0;0.5797132253646851;0.4202867448329925
455.0;1.0;0.5797132253646851;0.4202867448329925
330.0;1.0;0.590467095375061;0.4095328748226166
491.0;0.0;0.5799697041511536;0.4200303256511688
480.0;1.0;0.5797132253646851;0.4202867448329925
504.0;0.0;0.5799970030784607;0.4200029969215393
473.0;0.0;0.5809941291809082;0.4190059006214142
507.0;0.0;0.5797132253646851;0.4202867448329925
541.0;1.0;0.5798121690750122;0.4201877415180206
518.0;0.0;0.5797132253646851;0.4202867448329925
555.0;0.0;0.5797011852264404;0.4202987849712372
360.0;0.0;0.5821897387504578;0.4178102612495422
140.0;1.0;0.5797011852264404;0.4202987849712372
209.0;0.0;0.600388765335083;0.3996112048625946
586.0;1.0;0.5807429552078247;0.4192569851875305
583.0;1.0;0.5797132253646851;0.4202867448329925
609.0;0.0;0.5797132253646851;0.4202867448329925
606.0;0.0;0.5941295027732849;0.4058705270290375
601.0;0.0;0.5919076204299927;0.4080923497676849
573.0;1.0;0.579787015914917;0.4202130138874054
510.0;0.0;0.5797132253646851;0.4202867448329925
663.0;0.0;0.5912045836448669;0.408795416355133
667.0;0.0;0.5797132253646851;0.4202867448329925
626.0;1.0;0.5807429552078247;0.4192569851875305
189.0;0.0;0.5808842778205872;0.4191157221794128
654.0;0.0;0.5807778835296631;0.4192221760749817
707.0;0.0;0.5821705460548401;0.4178294241428375
665.0;1.0;0.6098918914794922;0.3901080787181854
682.0;0.0;0.5814146995544434;0.418585330247879
591.0;0.0;0.5807316899299622;0.4192683100700378
730.0;0.0;0.5797132253646851;0.4202867448329925
5.0;0.0;0.5806065201759338;0.4193934500217438
772.0;0.0;0.5897331237792969;0.4102668762207031
761.0;0.0;0.5967967510223389;0.4032032489776611
785.0;0.0;0.5897331237792969;0.4102668762207031
726.0;1.0;0.579787015914917;0.4202130138874054
819.0;1.0;0.5897331237792969;0.4102668762207031
781.0;0.0;0.5900622606277466;0.4099377691745758
790.0;0.0;0.5829704403877258;0.4170295894145965
832.0;1.0;0.5967364311218262;0.4032635986804962
830.0;0.0;0.5909337401390076;0.4090662598609924
612.0;1.0;0.5797132253646851;0.4202867448329925
807.0;0.0;0.5897331237792969;0.4102668762207031
835.0;1.0;0.5797375440597534;0.4202624559402466
796.0;0.0;0.5879742503166199;0.4120257496833801
821.0;0.0;0.6603001952171326;0.339699774980545
905.0;0.0;0.5797375440597534;0.4202624559402466
902.0;1.0;0.5812199711799622;0.4187800288200378
804.0;0.0;0.5797621011734009;0.4202378690242767
924.0;0.0;0.6151877641677856;0.3848122060298919
345.0;0.0;0.5816636681556702;0.4183363020420074
856.0;0.0;0.5797132253646851;0.4202867448329925
980.0;1.0;0.590673565864563;0.4093264043331146
979.0;0.0;0.5897331237792969;0.4102668762207031
948.0;0.0;0.5797132253646851;0.4202867448329925
837.0;0.0;0.5799160003662109;0.4200840294361114
1009.0;0.0;0.5797132253646851;0.4202867448329925
879.0;1.0;0.6091389060020447;0.3908610343933105
911.0;1.0;0.6212342977523804;0.3787657022476196
961.0;0.0;0.5797132253646851;0.4202867448329925
1079.0;1.0;0.579787015914917;0.4202130138874054
1034.0;0.0;0.5797132253646851;0.4202867448329925
18.0;0.0;0.6315279006958008;0.3684720396995544
868.0;1.0;0.5816636681556702;0.4183363020420074
154.0;0.0;0.5798376798629761;0.4201623201370239
99.0;0.0;0.5810304284095764;0.4189695715904236
1163.0;0.0;0.5797132253646851;0.4202867448329925
1169.0;1.0;0.5807429552078247;0.4192569851875305
1024.0;0.0;0.5798376798629761;0.4201623201370239
1193.0;0.0;0.600159764289856;0.399840235710144
1190.0;0.0;0.5797621011734009;0.4202378690242767
1204.0;1.0;0.5914537310600281;0.4085462391376495
1129.0;0.0;0.5833733677864075;0.4166266620159149
951.0;0.0;0.5803481936454773;0.4196517765522003
1205.0;0.0;0.6202284097671509;0.3797715306282043
1224.0;0.0;0.5797375440597534;0.4202624559402466
1220.0;0.0;0.5797375440597534;0.4202624559402466
702.0;0.0;0.5797621011734009;0.4202378690242767
1223.0;0.0;0.5970557928085327;0.4029441177845001
1158.0;0.0;0.5798376798629761;0.4201623201370239
1168.0;0.0;0.5796892642974854;0.4203107357025146
1232.0;0.0;0.5797132253646851;0.4202867448329925
1257.0;0.0;0.6101096272468567;0.3898903727531433
1173.0;1.0;0.5797132253646851;0.4202867448329925
616.0;1.0;0.5816636681556702;0.4183363020420074
1191.0;0.0;0.5797621011734009;0.4202378690242767
1299.0;1.0;0.5941295027732849;0.4058705270290375
1334.0;0.0;0.5799970030784607;0.4200029969215393
1208.0;0.0;0.5797132253646851;0.4202867448329925
1265.0;1.0;0.5798376798629761;0.4201623201370239
840.0;1.0;0.5797132253646851;0.4202867448329925
1152.0;0.0;0.5811432600021362;0.4188567698001861
1308.0;0.0;0.5798634886741638;0.4201365113258362
723.0;0.0;0.5797132253646851;0.4202867448329925
1171.0;0.0;0.5802263021469116;0.4197737276554107
1371.0;0.0;0.6093526482582092;0.3906473219394684
1293.0;1.0;0.5798634886741638;0.4201365113258362
1043.0;0.0;0.5813536643981934;0.4186463057994842
1398.0;0.0;0.5797132253646851;0.4202867448329925
1384.0;1.0;0.5862662196159363;0.4137337803840637
1387.0;0.0;0.584701657295227;0.4152983129024505
1402.0;1.0;0.5798895955085754;0.4201104044914245
1184.0;0.0;0.5900622606277466;0.4099377691745758
1415.0;0.0;0.599578857421875;0.4004211127758026
1427.0;1.0;0.5797375440597534;0.4202624559402466
1192.0;0.0;0.581787109375;0.418212890625
1230.0;0.0;0.5809203386306763;0.4190796017646789
1012.0;1.0;0.5898552536964417;0.4101447463035583
1448.0;0.0;0.579787015914917;0.4202130138874054
945.0;0.0;0.5854774117469788;0.4145225584506988
1312.0;1.0;0.5799160003662109;0.4200840294361114
1457.0;0.0;0.5797375440597534;0.4202624559402466
318.0;1.0;0.5873855948448181;0.4126143455505371
1481.0;0.0;0.5799970030784607;0.4200029969215393
1480.0;1.0;0.58485347032547;0.41514652967453
1468.0;0.0;0.5800524950027466;0.419947475194931
1485.0;0.0;0.6001072525978088;0.3998927175998688
1146.0;1.0;0.5799970030784607;0.4200029969215393
1486.0;0.0;0.5905356407165527;0.4094643592834472
1511.0;0.0;0.5908827781677246;0.4091172516345978
1509.0;0.0;0.5797132253646851;0.4202867448329925
1521.0;0.0;0.5840309262275696;0.4159690737724304
14.0;0.0;0.579787015914917;0.4202130138874054
1454.0;0.0;0.5797011852264404;0.4202987849712372
1186.0;0.0;0.5816636681556702;0.4183363020420074
1524.0;0.0;0.5810532569885254;0.4189467132091522
1369.0;0.0;0.579787015914917;0.4202130138874054
1518.0;0.0;0.5797132253646851;0.4202867448329925
1532.0;0.0;0.5807605385780334;0.4192394614219665
1542.0;1.0;0.5797132253646851;0.4202867448329925
1533.0;1.0;0.5797132253646851;0.4202867448329925
1534.0;0.0;0.5833733677864075;0.4166266620159149
1547.0;0.0;0.5969808101654053;0.4030191600322723
1553.0;0.0;0.5797621011734009;0.4202378690242767
1537.0;0.0;0.6096753478050232;0.3903246223926544
1292.0;0.0;0.5897983312606812;0.4102016687393188
1520.0;1.0;0.5797132253646851;0.4202867448329925
1561.0;0.0;0.5797132253646851;0.4202867448329925
1282.0;0.0;0.5797132253646851;0.4202867448329925
1410.0;0.0;0.6029152274131775;0.3970847427845001
1558.0;0.0;0.5798121690750122;0.4201877415180206
1119.0;0.0;0.5797375440597534;0.4202624559402466
1573.0;1.0;0.5807894468307495;0.4192105233669281
1581.0;0.0;0.5797132253646851;0.4202867448329925
631.0;1.0;0.5808184742927551;0.4191815257072449
1094.0;1.0;0.5821897387504578;0.4178102612495422
1594.0;0.0;0.5827596187591553;0.4172403812408447
1236.0;0.0;0.5897331237792969;0.4102668762207031
1600.0;0.0;0.6092455983161926;0.3907543122768402
1233.0;1.0;0.5797132253646851;0.4202867448329925
402.0;1.0;0.5870985388755798;0.4129014909267425
1606.0;0.0;0.5856327414512634;0.4143672585487366
1607.0;0.0;0.5804749131202698;0.4195250272750854
1055.0;0.0;0.5807429552078247;0.4192569851875305
1613.0;1.0;0.5803481936454773;0.4196517765522003
1605.0;0.0;0.5827596187591553;0.4172403812408447
1618.0;0.0;0.5797132253646851;0.4202867448329925
1584.0;0.0;0.5798376798629761;0.4201623201370239
1628.0;0.0;0.5797011852264404;0.4202987849712372
1630.0;0.0;0.5797132253646851;0.4202867448329925
1551.0;1.0;0.5797621011734009;0.4202378690242767
1646.0;0.0;0.5803481936454773;0.4196517765522003
1634.0;0.0;0.5797375440597534;0.4202624559402466
1655.0;0.0;0.6144599914550781;0.3855400085449219
1519.0;1.0;0.5807605385780334;0.4192394614219665
1614.0;0.0;0.5798376798629761;0.4201623201370239
1681.0;0.0;0.5798634886741638;0.4201365113258362
1670.0;0.0;0.5888931751251221;0.4111067652702331
1671.0;0.0;0.5798376798629761;0.4201623201370239
1673.0;0.0;0.5833733677864075;0.4166266620159149
1568.0;0.0;0.5797132253646851;0.4202867448329925
1675.0;0.0;0.6302272081375122;0.369772732257843
1688.0;0.0;0.5797011852264404;0.4202987849712372
1556.0;1.0;0.581724226474762;0.4182756841182709
1709.0;1.0;0.5797375440597534;0.4202624559402466
1690.0;0.0;0.5929974913597107;0.4070024490356445
1698.0;0.0;0.5797621011734009;0.4202378690242767
1728.0;0.0;0.5975649952888489;0.4024349451065063
532.0;0.0;0.5797132253646851;0.4202867448329925
1705.0;0.0;0.579787015914917;0.4202130138874054
1729.0;0.0;0.5929974913597107;0.4070024490356445
1689.0;1.0;0.5797132253646851;0.4202867448329925
1735.0;0.0;0.6431493163108826;0.3568507432937622
1731.0;1.0;0.6198035478591919;0.3801964223384857
1749.0;1.0;0.5807429552078247;0.4192569851875305
1737.0;0.0;0.5807429552078247;0.4192569851875305
1748.0;0.0;0.5797132253646851;0.4202867448329925
1761.0;0.0;0.5803794264793396;0.4196205735206604
1751.0;0.0;0.5819652080535889;0.4180347919464111
657.0;0.0;0.5870985388755798;0.4129014909267425
1373.0;0.0;0.5847323536872864;0.415267676115036
1808.0;1.0;0.6325526833534241;0.3674473464488983
1447.0;1.0;0.5811814665794373;0.4188185632228851
1815.0;0.0;0.5797011852264404;0.4202987849712372
1791.0;1.0;0.5972591042518616;0.4027408957481384
1747.0;0.0;0.5798634886741638;0.4201365113258362
1825.0;0.0;0.5807605385780334;0.4192394614219665
1762.0;0.0;0.5797132253646851;0.4202867448329925
1820.0;0.0;0.5797132253646851;0.4202867448329925
1857.0;0.0;0.5799970030784607;0.4200029969215393
1863.0;0.0;0.6382206082344055;0.3617793917655945
1838.0;1.0;0.5797132253646851;0.4202867448329925
1847.0;0.0;0.5840309262275696;0.4159690737724304
1843.0;0.0;0.579787015914917;0.4202130138874054
1871.0;0.0;0.5797621011734009;0.4202378690242767
1869.0;0.0;0.5799427032470703;0.4200573265552521
1400.0;0.0;0.5902633666992188;0.409736692905426
1826.0;0.0;0.5797375440597534;0.4202624559402466
1830.0;1.0;0.5799427032470703;0.4200573265552521
1899.0;0.0;0.5897983312606812;0.4102016687393188
1876.0;0.0;0.5898638367652893;0.4101361036300659
1880.0;0.0;0.5797132253646851;0.4202867448329925
617.0;0.0;0.5797132253646851;0.4202867448329925
1907.0;0.0;0.5899296998977661;0.4100703299045563
1917.0;0.0;0.5797621011734009;0.4202378690242767
1922.0;0.0;0.5808184742927551;0.4191815257072449
1909.0;0.0;0.5798121690750122;0.4201877415180206
1873.0;0.0;0.5821897387504578;0.4178102612495422
1910.0;0.0;0.5963289141654968;0.4036710262298584
1298.0;0.0;0.5797132253646851;0.4202867448329925
1846.0;0.0;0.5798634886741638;0.4201365113258362
1945.0;0.0;0.5897006392478943;0.4102994501590729
1919.0;0.0;0.6091922521591187;0.3908077180385589
1570.0;0.0;0.5797132253646851;0.4202867448329925
1953.0;0.0;0.5799970030784607;0.4200029969215393
1935.0;1.0;0.5800246000289917;0.4199753999710083
1950.0;0.0;0.5797132253646851;0.4202867448329925
1970.0;0.0;0.5854774117469788;0.4145225584506988
1969.0;0.0;0.5797621011734009;0.4202378690242767
1961.0;0.0;0.590467095375061;0.4095328748226166
1968.0;0.0;0.5798895955085754;0.4201104044914245
1949.0;0.0;0.6103284358978271;0.3896715044975281
1174.0;0.0;0.5847323536872864;0.415267676115036
1965.0;0.0;0.5854774117469788;0.4145225584506988
1986.0;0.0;0.5807429552078247;0.4192569851875305
1974.0;1.0;0.5798376798629761;0.4201623201370239
1979.0;1.0;0.5797621011734009;0.4202378690242767
2017.0;0.0;0.579787015914917;0.4202130138874054
2015.0;0.0;0.5961616635322571;0.4038383364677429
2020.0;0.0;0.6294421553611755;0.3705578744411468
2044.0;0.0;0.5805732011795044;0.419426828622818
2045.0;0.0;0.6174132227897644;0.3825868368148803
2041.0;0.0;0.5797621011734009;0.4202378690242767
799.0;0.0;0.5798895955085754;0.4201104044914245
2032.0;1.0;0.5797253847122192;0.4202746450901031
2053.0;0.0;0.5797621011734009;0.4202378690242767
2057.0;0.0;0.6093526482582092;0.3906473219394684
2054.0;1.0;0.5797011852264404;0.4202987849712372
2061.0;0.0;0.5919690132141113;0.4080309867858886
1604.0;1.0;0.5801671743392944;0.4198328554630279
2078.0;1.0;0.5797011852264404;0.4202987849712372
2087.0;0.0;0.5811814665794373;0.4188185632228851
2012.0;1.0;0.5807429552078247;0.4192569851875305
2103.0;1.0;0.5797621011734009;0.4202378690242767
2109.0;0.0;0.5847323536872864;0.415267676115036
2093.0;0.0;0.5800806879997253;0.4199192821979522
2091.0;0.0;0.579787015914917;0.4202130138874054
2105.0;1.0;0.5799970030784607;0.4200029969215393
2122.0;0.0;0.5940930247306824;0.4059069752693176
2098.0;1.0;0.5797011852264404;0.4202987849712372
2114.0;0.0;0.5797011852264404;0.4202987849712372
2001.0;0.0;0.5801380276679993;0.4198619723320007
2113.0;0.0;0.589765727519989;0.4102343320846557
2003.0;0.0;0.6120057702064514;0.3879941403865814
1469.0;0.0;0.606090784072876;0.3939092457294464
2123.0;0.0;0.5803481936454773;0.4196517765522003
2125.0;0.0;0.5808475613594055;0.4191524386405945
2128.0;0.0;0.5798376798629761;0.4201623201370239
2077.0;0.0;0.5814146995544434;0.418585330247879
2120.0;0.0;0.5797011852264404;0.4202987849712372
2130.0;0.0;0.5797375440597534;0.4202624559402466
2131.0;0.0;0.5797011852264404;0.4202987849712372
2147.0;1.0;0.5803481936454773;0.4196517765522003
2146.0;0.0;0.6092455983161926;0.3907543122768402
2137.0;0.0;0.5797253847122192;0.4202746450901031
1566.0;0.0;0.5842598676681519;0.4157401323318481
2153.0;0.0;0.5897983312606812;0.4102016687393188
103.0;0.0;0.5909531116485596;0.4090469479560852
2143.0;0.0;0.6092455983161926;0.3907543122768402
2164.0;0.0;0.5797011852264404;0.4202987849712372
2157.0;0.0;0.5798895955085754;0.4201104044914245
2160.0;0.0;0.5800806879997253;0.4199192821979522
2170.0;0.0;0.5797011852264404;0.4202987849712372
1274.0;1.0;0.61021888256073;0.38978111743927
1916.0;0.0;0.5799427032470703;0.4200573265552521
2184.0;0.0;0.6091389060020447;0.3908610343933105
2004.0;0.0;0.6095674633979797;0.3904324769973755
2240.0;0.0;0.5797132253646851;0.4202867448329925
2216.0;0.0;0.5797132253646851;0.4202867448329925
2235.0;0.0;0.5897983312606812;0.4102016687393188
2199.0;0.0;0.5797132253646851;0.4202867448329925
2223.0;0.0;0.5807605385780334;0.4192394614219665
2226.0;0.0;0.5797132253646851;0.4202867448329925
2230.0;1.0;0.5807429552078247;0.4192569851875305
2264.0;1.0;0.6383192539215088;0.3616806864738464
1677.0;1.0;0.5797011852264404;0.4202987849712372
2233.0;0.0;0.5803172588348389;0.4196827113628387
2257.0;0.0;0.5797621011734009;0.4202378690242767
2270.0;0.0;0.5797132253646851;0.4202867448329925
2272.0;0.0;0.5803481936454773;0.4196517765522003
2273.0;0.0;0.5955278873443604;0.4044721722602844
2300.0;0.0;0.5801965594291687;0.4198034107685089
2362.0;1.0;0.5797132253646851;0.4202867448329925
2287.0;1.0;0.5811814665794373;0.4188185632228851
2294.0;1.0;0.5797375440597534;0.4202624559402466
2337.0;0.0;0.5898638367652893;0.4101361036300659
2314.0;0.0;0.5799970030784607;0.4200029969215393
2341.0;0.0;0.5797375440597534;0.4202624559402466
2348.0;0.0;0.5913091897964478;0.4086907804012298
2376.0;0.0;0.5798376798629761;0.4201623201370239
2284.0;0.0;0.5797011852264404;0.4202987849712372
2328.0;0.0;0.6159169673919678;0.3840830028057098
882.0;0.0;0.5811814665794373;0.4188185632228851
2313.0;0.0;0.5799970030784607;0.4200029969215393
2327.0;0.0;0.6090856790542603;0.3909142911434173
2365.0;0.0;0.5931223034858704;0.4068776369094848
2350.0;0.0;0.5797132253646851;0.4202867448329925
2342.0;0.0;0.5897983312606812;0.4102016687393188
2370.0;0.0;0.5797132253646851;0.4202867448329925
2407.0;0.0;0.5898638367652893;0.4101361036300659
2380.0;1.0;0.5900622606277466;0.4099377691745758
2390.0;0.0;0.5797132253646851;0.4202867448329925
2353.0;1.0;0.5799970030784607;0.4200029969215393
2430.0;0.0;0.5807429552078247;0.4192569851875305
2432.0;1.0;0.5801965594291687;0.4198034107685089
2419.0;0.0;0.5913091897964478;0.4086907804012298
2340.0;1.0;0.5797375440597534;0.4202624559402466
2371.0;0.0;0.5797011852264404;0.4202987849712372
2382.0;0.0;0.5906044840812683;0.4093955457210541
2386.0;0.0;0.579787015914917;0.4202130138874054
2403.0;0.0;0.5921943187713623;0.4078056514263153
2440.0;0.0;0.591381311416626;0.408618688583374
2434.0;0.0;0.5797621011734009;0.4202378690242767
2417.0;0.0;0.5798376798629761;0.4201623201370239
2409.0;0.0;0.61021888256073;0.38978111743927
2437.0;0.0;0.5898638367652893;0.4101361036300659
2464.0;1.0;0.5816636681556702;0.4183363020420074
2476.0;0.0;0.5833733677864075;0.4166266620159149
2473.0;0.0;0.5898638367652893;0.4101361036300659
2480.0;0.0;0.5897883176803589;0.4102117121219635
2510.0;0.0;0.5797132253646851;0.4202867448329925
2483.0;0.0;0.5797375440597534;0.4202624559402466
2505.0;0.0;0.5832468271255493;0.416753202676773
2558.0;0.0;0.6030869483947754;0.3969129920005798
2470.0;0.0;0.5799160003662109;0.4200840294361114
2533.0;0.0;0.6098918914794922;0.3901080787181854
2539.0;1.0;0.5797132253646851;0.4202867448329925
2398.0;1.0;0.5866071581840515;0.4133928418159485
2586.0;0.0;0.5805401802062988;0.4194598793983459
2455.0;0.0;0.5833733677864075;0.4166266620159149
2526.0;0.0;0.59086012840271;0.4091398417949676
2458.0;0.0;0.5797132253646851;0.4202867448329925
2462.0;1.0;0.6116653084754944;0.388334721326828
2563.0;0.0;0.5797011852264404;0.4202987849712372
2481.0;1.0;0.5797375440597534;0.4202624559402466
2494.0;0.0;0.5972839593887329;0.4027160704135895
2524.0;0.0;0.6275213956832886;0.3724786043167114
2535.0;0.0;0.5799427032470703;0.4200573265552521
2541.0;0.0;0.5801092386245728;0.4198907911777496
2552.0;0.0;0.5797498226165771;0.4202502071857452
897.0;0.0;0.5797132253646851;0.4202867448329925
2556.0;0.0;0.6297980546951294;0.3702019155025482
2588.0;0.0;0.5797621011734009;0.4202378690242767
10.0;0.0;0.582009494304657;0.417990505695343
2603.0;0.0;0.5802263021469116;0.4197737276554107
2593.0;0.0;0.5797132253646851;0.4202867448329925
2594.0;0.0;0.5906044840812683;0.4093955457210541
2624.0;0.0;0.6094599366188049;0.390540063381195
1246.0;1.0;0.5797132253646851;0.4202867448329925
2615.0;0.0;0.5921212434768677;0.4078787863254547
2599.0;0.0;0.5808767080307007;0.4191232621669769
2648.0;0.0;0.5797132253646851;0.4202867448329925
2625.0;0.0;0.5808767080307007;0.4191232621669769
2640.0;0.0;0.5797621011734009;0.4202378690242767
2534.0;0.0;0.5897006392478943;0.4102994501590729
2622.0;0.0;0.6092455983161926;0.3907543122768402
2645.0;0.0;0.6075121164321899;0.39248788356781
2674.0;0.0;0.6130425930023193;0.386957436800003
2657.0;0.0;0.5797621011734009;0.4202378690242767
2708.0;0.0;0.6189742684364319;0.3810257315635681
2705.0;0.0;0.5801965594291687;0.4198034107685089
2680.0;0.0;0.5800246000289917;0.4199753999710083
2671.0;0.0;0.5825647711753845;0.4174352288246155
2617.0;0.0;0.6260125041007996;0.3739874958992004
2660.0;0.0;0.5797011852264404;0.4202987849712372
2679.0;0.0;0.5800806879997253;0.4199192821979522
2685.0;0.0;0.6389240026473999;0.3610759675502777
2707.0;0.0;0.5948364734649658;0.4051634669303894
2698.0;0.0;0.5797132253646851;0.4202867448329925
2717.0;1.0;0.6440935730934143;0.3559063673019409
2712.0;0.0;0.5797375440597534;0.4202624559402466
2808.0;0.0;0.5897983312606812;0.4102016687393188
2816.0;1.0;0.629513144493103;0.3704867959022522
2779.0;0.0;0.5800806879997253;0.4199192821979522
2773.0;0.0;0.5797011852264404;0.4202987849712372
2844.0;0.0;0.5847323536872864;0.415267676115036
2875.0;0.0;0.6144599914550781;0.3855400085449219
2834.0;0.0;0.5816636681556702;0.4183363020420074
2865.0;0.0;0.5839744806289673;0.4160255491733551
2668.0;1.0;0.579787015914917;0.4202130138874054
2889.0;0.0;0.5797132253646851;0.4202867448329925
2878.0;0.0;0.5799970030784607;0.4200029969215393
2738.0;0.0;0.599578857421875;0.4004211127758026
2830.0;0.0;0.5797132253646851;0.4202867448329925
2920.0;0.0;0.5797132253646851;0.4202867448329925
2721.0;0.0;0.580708384513855;0.4192915558815002
2891.0;0.0;0.599578857421875;0.4004211127758026
2996.0;0.0;0.5798634886741638;0.4201365113258362
2627.0;0.0;0.5808767080307007;0.4191232621669769
2911.0;0.0;0.5799970030784607;0.4200029969215393
3018.0;0.0;0.590467095375061;0.4095328748226166
2860.0;0.0;0.5805401802062988;0.4194598793983459
2739.0;0.0;0.6111032962799072;0.388896644115448
2954.0;0.0;0.5800246000289917;0.4199753999710083
2985.0;0.0;0.5797375440597534;0.4202624559402466
2946.0;0.0;0.5797621011734009;0.4202378690242767
1391.0;0.0;0.5797621011734009;0.4202378690242767
2752.0;0.0;0.5797132253646851;0.4202867448329925
3025.0;0.0;0.5951062440872192;0.4048938155174255
2944.0;1.0;0.581724226474762;0.4182756841182709
2924.0;0.0;0.579787015914917;0.4202130138874054
2993.0;0.0;0.5799160003662109;0.4200840294361114
3066.0;1.0;0.5797132253646851;0.4202867448329925
3002.0;0.0;0.671878457069397;0.3281215727329254
3070.0;0.0;0.5832468271255493;0.416753202676773
2961.0;1.0;0.5797132253646851;0.4202867448329925
3055.0;0.0;0.5953304767608643;0.4046695530414581
3098.0;0.0;0.5806065201759338;0.4193934500217438
3091.0;0.0;0.5797132253646851;0.4202867448329925
3074.0;0.0;0.5799160003662109;0.4200840294361114
3076.0;0.0;0.6313824653625488;0.3686175644397735
3010.0;0.0;0.5821897387504578;0.4178102612495422
3139.0;0.0;0.5955278873443604;0.4044721722602844
3093.0;0.0;0.5824691653251648;0.4175308048725128
3129.0;0.0;0.5799970030784607;0.4200029969215393
3209.0;0.0;0.5803172588348389;0.4196827113628387
3163.0;0.0;0.5961087346076965;0.4038912355899811
3164.0;0.0;0.629513144493103;0.3704867959022522
3227.0;0.0;0.5797132253646851;0.4202867448329925
2843.0;0.0;0.579787015914917;0.4202130138874054
2853.0;0.0;0.5797132253646851;0.4202867448329925
2874.0;0.0;0.5798376798629761;0.4201623201370239
2986.0;0.0;0.5797132253646851;0.4202867448329925
3108.0;0.0;0.5797132253646851;0.4202867448329925
3047.0;0.0;0.6421289443969727;0.3578710258007049
3050.0;0.0;0.5809352397918701;0.4190647304058075
2894.0;0.0;0.6094599366188049;0.390540063381195
3172.0;0.0;0.5806065201759338;0.4193934500217438
3155.0;0.0;0.5899958610534668;0.4100042283535003
768.0;0.0;0.5931223034858704;0.4068776369094848
2701.0;0.0;0.5798376798629761;0.4201623201370239
3000.0;0.0;0.5821897387504578;0.4178102612495422
2363.0;0.0;0.5807429552078247;0.4192569851875305
2809.0;0.0;0.5797375440597534;0.4202624559402466
3043.0;0.0;0.5827596187591553;0.4172403812408447
3065.0;0.0;0.5797375440597534;0.4202624559402466
3045.0;1.0;0.5888931751251221;0.4111067652702331
3011.0;0.0;0.5797132253646851;0.4202867448329925
3071.0;0.0;0.5797375440597534;0.4202624559402466
3204.0;0.0;0.5797132253646851;0.4202867448329925
3167.0;0.0;0.6004089117050171;0.3995911478996277
3237.0;0.0;0.6193877458572388;0.3806122541427612
3199.0;0.0;0.5833733677864075;0.4166266620159149
3208.0;0.0;0.5797375440597534;0.4202624559402466
3180.0;0.0;0.6093526482582092;0.3906473219394684
3223.0;0.0;0.5808484554290771;0.4191514551639557
2479.0;0.0;0.5817483067512512;0.4182516634464264
3225.0;0.0;0.5797621011734009;0.4202378690242767
3117.0;0.0;0.6174132227897644;0.3825868368148803
3228.0;0.0;0.6432491540908813;0.3567508459091186
3222.0;0.0;0.5972521305084229;0.4027478396892547
611.0;0.0;0.5800524950027466;0.419947475194931
3196.0;0.0;0.6094983816146851;0.3905015587806701
17.0;0.0;0.6460851430892944;0.35391485691070557
43.0;0.0;0.6363680958747864;0.3636319637298584
38.0;0.0;0.6227537989616394;0.377246230840683
13.0;0.0;0.6364942193031311;0.3635057508945465
52.0;0.0;0.625600278377533;0.37439966201782227
54.0;0.0;0.6326301693916321;0.36736980080604553
108.0;0.0;0.626132071018219;0.3738678991794586
74.0;0.0;0.6374601721763611;0.3625398278236389
32.0;0.0;0.6435993313789368;0.3564006984233856
122.0;0.0;0.6312136054039001;0.3687863349914551
118.0;1.0;0.6397168040275574;0.360283225774765
71.0;0.0;0.6369770765304565;0.36302289366722107
84.0;0.0;0.6241321563720703;0.3758678436279297
89.0;0.0;0.6164112091064453;0.3835887312889099
135.0;0.0;0.612700343132019;0.38729968667030334
158.0;0.0;0.6364942193031311;0.3635057508945465
178.0;0.0;0.6449766159057617;0.3550233542919159
107.0;1.0;0.64055997133255;0.3594400882720947
191.0;0.0;0.6460851430892944;0.35391485691070557
98.0;1.0;0.6316914558410645;0.36830854415893555
220.0;0.0;0.6224306225776672;0.37756943702697754
230.0;1.0;0.6411324143409729;0.3588675856590271
207.0;1.0;0.6450438499450684;0.35495617985725403
253.0;0.0;0.6432933211326599;0.3567067086696625
276.0;0.0;0.6262174248695374;0.3737826347351074
281.0;0.0;0.6333389282226562;0.36666107177734375
286.0;0.0;0.6369770765304565;0.36302289366722107
292.0;0.0;0.6464012265205383;0.35359877347946167
287.0;0.0;0.6326301693916321;0.36736980080604553
104.0;0.0;0.6356111764907837;0.3643888533115387
309.0;0.0;0.6417898535728455;0.35821011662483215
312.0;0.0;0.6194956302642822;0.3805043697357178
300.0;0.0;0.6376211643218994;0.3623787760734558
327.0;0.0;0.6368160843849182;0.3631838262081146
336.0;1.0;0.6409249901771545;0.35907506942749023
333.0;0.0;0.6315283179283142;0.36847177147865295
129.0;0.0;0.6369770765304565;0.36302289366722107
342.0;0.0;0.6368829607963562;0.3631170094013214
384.0;0.0;0.6339221596717834;0.36607781052589417
391.0;0.0;0.6037261486053467;0.3962739109992981
388.0;1.0;0.6339976191520691;0.3660023510456085
414.0;1.0;0.6399825215339661;0.3600175082683563
398.0;0.0;0.6412188410758972;0.35878121852874756
420.0;1.0;0.6326301693916321;0.36736980080604553
199.0;1.0;0.6436215043067932;0.3563784956932068
451.0;0.0;0.607456386089325;0.3925435543060303
462.0;0.0;0.6217618584632874;0.37823814153671265
457.0;0.0;0.6378512978553772;0.3621487021446228
429.0;0.0;0.610607922077179;0.38939207792282104
453.0;0.0;0.6411324143409729;0.3588675856590271
483.0;0.0;0.6346264481544495;0.36537349224090576
484.0;0.0;0.6386157870292664;0.36138424277305603
482.0;1.0;0.635850727558136;0.3641493022441864
495.0;0.0;0.6310612559318542;0.36893871426582336
530.0;1.0;0.6439498066902161;0.3560502231121063
531.0;1.0;0.6059548854827881;0.3940450847148895
553.0;0.0;0.6351096630096436;0.36489030718803406
476.0;0.0;0.6365603804588318;0.3634396493434906
571.0;0.0;0.6392430663108826;0.36075693368911743
556.0;1.0;0.6440930962562561;0.3559069037437439
593.0;0.0;0.6366391777992249;0.36336082220077515
559.0;0.0;0.6104719638824463;0.3895280659198761
595.0;0.0;0.6205687522888184;0.3794311583042145
587.0;0.0;0.6371381282806396;0.3628619313240051
613.0;0.0;0.6344654560089111;0.3655345141887665
570.0;0.0;0.6321578025817871;0.3678422272205353
602.0;0.0;0.636721670627594;0.363278329372406
614.0;0.0;0.6435993313789368;0.3564006984233856
624.0;1.0;0.6412550806999207;0.35874488949775696
471.0;0.0;0.6151566505432129;0.3848433792591095
630.0;0.0;0.6363412737846375;0.3636587858200073
27.0;1.0;0.6282733678817749;0.3717266321182251
659.0;1.0;0.6132641434669495;0.38673582673072815
661.0;0.0;0.6424475908279419;0.35755234956741333
678.0;1.0;0.6067168712615967;0.3932831585407257
689.0;1.0;0.6431056261062622;0.3568943738937378
673.0;0.0;0.6213609576225281;0.37863898277282715
164.0;0.0;0.6441139578819275;0.3558860719203949
690.0;0.0;0.6408038139343262;0.3591962158679962
688.0;0.0;0.6422075629234314;0.357792466878891
706.0;0.0;0.6439284682273865;0.35607150197029114
245.0;0.0;0.6408038139343262;0.3591962158679962
684.0;0.0;0.6324726939201355;0.3675273060798645
732.0;0.0;0.6343044638633728;0.3656955361366272
503.0;1.0;0.6283873915672302;0.3716125786304474
527.0;0.0;0.6274454593658447;0.37255460023880005
740.0;0.0;0.6437116265296936;0.3562884032726288
787.0;0.0;0.6388334035873413;0.3611665666103363
811.0;0.0;0.64280104637146;0.35719892382621765
746.0;0.0;0.6440930962562561;0.3559069037437439
515.0;1.0;0.6173349022865295;0.38266509771347046
714.0;0.0;0.638588011264801;0.36141201853752136
820.0;0.0;0.6180070638656616;0.3819928765296936
563.0;1.0;0.6277592778205872;0.37224066257476807
711.0;0.0;0.6042342185974121;0.3957657217979431
855.0;0.0;0.6343044638633728;0.3656955361366272
560.0;1.0;0.6148282885551453;0.38517171144485474
842.0;0.0;0.6421186923980713;0.35788124799728394
873.0;0.0;0.6341434717178345;0.36585649847984314
926.0;0.0;0.6122866272926331;0.38771334290504456
810.0;0.0;0.6148492097854614;0.38515082001686096
908.0;0.0;0.6405389308929443;0.35946109890937805
935.0;0.0;0.6297991275787354;0.37020090222358704
918.0;0.0;0.6296448111534119;0.3703552186489105
970.0;0.0;0.6437638998031616;0.35623612999916077
833.0;1.0;0.6354661583900452;0.36453381180763245
922.0;0.0;0.6464138627052307;0.3535861074924469
1000.0;0.0;0.605828046798706;0.39417195320129395
1001.0;0.0;0.644343912601471;0.3556560277938843
1005.0;0.0;0.6338216066360474;0.36617839336395264
1007.0;1.0;0.6332604289054871;0.3667396605014801
1047.0;0.0;0.6351096630096436;0.36489030718803406
1026.0;1.0;0.6456542015075684;0.35434576869010925
1038.0;0.0;0.6288571953773499;0.37114277482032776
952.0;0.0;0.6323220133781433;0.3676779568195343
1096.0;0.0;0.6315339207649231;0.3684661388397217
1091.0;0.0;0.6274461150169373;0.37255391478538513
1056.0;1.0;0.6416255235671997;0.3583745062351227
1065.0;0.0;0.6154994964599609;0.38450056314468384
625.0;0.0;0.6192210912704468;0.38077887892723083
1049.0;1.0;0.6324726939201355;0.3675273060798645
932.0;0.0;0.6320003867149353;0.3679996132850647
1110.0;0.0;0.6056233048439026;0.3943767249584198
523.0;0.0;0.6245322227478027;0.37546780705451965
1154.0;1.0;0.6450992822647095;0.3549007475376129
1156.0;0.0;0.6368160843849182;0.3631838262081146
477.0;0.0;0.6411615014076233;0.3588385581970215
1176.0;0.0;0.628700315952301;0.371299684047699
1188.0;1.0;0.6295209527015686;0.370479017496109
780.0;0.0;0.6424475908279419;0.35755234956741333
1124.0;0.0;0.6444423198699951;0.3555576503276825
1226.0;0.0;0.6394075751304626;0.3605923652648926
1256.0;0.0;0.6350467801094055;0.3649532198905945
1228.0;0.0;0.6075324416160583;0.39246755838394165
1262.0;0.0;0.6438696384429932;0.35613030195236206
123.0;1.0;0.6452635526657104;0.35473641753196716
1290.0;0.0;0.6156296133995056;0.3843703866004944
1253.0;0.0;0.6419810652732849;0.3580189347267151
1302.0;0.0;0.6165416240692139;0.38345837593078613
1321.0;1.0;0.6389140486717224;0.3610859811306
1327.0;0.0;0.6424729824066162;0.357526957988739
1330.0;0.0;0.6434574127197266;0.3565426170825958
1139.0;1.0;0.6287015676498413;0.3712983727455139
1333.0;1.0;0.6339976191520691;0.3660023510456085
1335.0;0.0;0.6381771564483643;0.36182278394699097
1304.0;0.0;0.6366551518440247;0.36334481835365295
1351.0;0.0;0.6392430663108826;0.36075693368911743
1016.0;0.0;0.6408038139343262;0.3591962158679962
1356.0;0.0;0.6299359798431396;0.37006402015686035
1103.0;0.0;0.642776608467102;0.35722342133522034
265.0;1.0;0.632479727268219;0.3675202429294586
1283.0;0.0;0.6363990902900696;0.3636009097099304
1381.0;0.0;0.6408038139343262;0.3591962158679962
1363.0;1.0;0.6457564234733582;0.35424354672431946
1396.0;1.0;0.643779993057251;0.35621994733810425
1322.0;0.0;0.6245322227478027;0.37546780705451965
1413.0;1.0;0.6403110027313232;0.35968905687332153
1231.0;0.0;0.6412374973297119;0.3587625026702881
1419.0;1.0;0.6290159225463867;0.37098410725593567
1428.0;0.0;0.6313852667808533;0.36861473321914673
1426.0;0.0;0.6347874999046326;0.36521247029304504
1271.0;0.0;0.6302704215049744;0.3697296380996704
1048.0;0.0;0.6272457838058472;0.3727542757987976
1452.0;0.0;0.6444423198699951;0.3555576503276825
1450.0;1.0;0.6374601721763611;0.3625398278236389
1459.0;0.0;0.6209604144096375;0.37903961539268494
1383.0;0.0;0.6414892077445984;0.3585107624530792
978.0;0.0;0.6088001132011414;0.39119988679885864
1482.0;1.0;0.6291730999946594;0.37082692980766296
1477.0;0.0;0.6403110027313232;0.35968905687332153
1490.0;0.0;0.6092959046363831;0.39070409536361694
1479.0;0.0;0.6307463049888611;0.36925366520881653
1505.0;0.0;0.6403110027313232;0.35968905687332153
1513.0;0.0;0.6321643590927124;0.3678356409072876
1378.0;0.0;0.6454278826713562;0.3545721769332886
1395.0;1.0;0.6437548398971558;0.35624513030052185
1368.0;1.0;0.6441139578819275;0.3558860719203949
1390.0;0.0;0.6374601721763611;0.3625398278236389
1527.0;0.0;0.6414611339569092;0.3585388958454132
1516.0;0.0;0.6399013996124268;0.360098659992218
1517.0;1.0;0.6350467801094055;0.3649532198905945
1386.0;0.0;0.6428921222686768;0.357107937335968
1528.0;0.0;0.6135219931602478;0.3864779770374298
964.0;0.0;0.6379272937774658;0.3620727062225342
1546.0;1.0;0.6375985741615295;0.36240145564079285
1538.0;0.0;0.6302741169929504;0.36972591280937195
177.0;0.0;0.6441139578819275;0.3558860719203949
957.0;0.0;0.6128701567649841;0.38712987303733826
1258.0;0.0;0.6241321563720703;0.3758678436279297
1515.0;0.0;0.6382656693458557;0.3617343604564667
1576.0;0.0;0.6354318857192993;0.3645680844783783
1586.0;0.0;0.6421186923980713;0.35788124799728394
1589.0;0.0;0.6464463472366333;0.3535536229610443
1783.0;1.0;0.6431291699409485;0.35687077045440674
1596.0;0.0;0.6451758146286011;0.3548241853713989
1603.0;1.0;0.6293280124664307;0.37067192792892456
1593.0;0.0;0.6050676107406616;0.39493241906166077
1612.0;0.0;0.6135219931602478;0.3864779770374298
1624.0;0.0;0.6374624371528625;0.36253756284713745
1627.0;0.0;0.64055997133255;0.3594400882720947
1592.0;0.0;0.6363990902900696;0.3636009097099304
1632.0;0.0;0.6421186923980713;0.35788124799728394
1567.0;0.0;0.6304314732551575;0.36956849694252014
1653.0;1.0;0.6344040632247925;0.3655959963798523
1423.0;0.0;0.6366551518440247;0.36334481835365295
1642.0;1.0;0.6412374973297119;0.3587625026702881
1578.0;0.0;0.6225643754005432;0.3774355947971344
1643.0;0.0;0.6460851430892944;0.35391485691070557
1658.0;0.0;0.6366551518440247;0.36334481835365295
1775.0;1.0;0.6431291699409485;0.35687077045440674
1665.0;0.0;0.6357542276382446;0.36424580216407776
1666.0;0.0;0.6464012265205383;0.35359877347946167
1685.0;0.0;0.628700315952301;0.371299684047699
1686.0;0.0;0.6397367715835571;0.36026322841644287
1692.0;1.0;0.6301133036613464;0.36988672614097595
1702.0;1.0;0.642612099647522;0.357387900352478
1696.0;0.0;0.6403110027313232;0.35968905687332153
1703.0;0.0;0.6444224119186401;0.35557761788368225
1214.0;0.0;0.6634378433227539;0.3365621864795685
788.0;0.0;0.6382656693458557;0.3617343604564667
683.0;0.0;0.6439284682273865;0.35607150197029114
1719.0;1.0;0.6417898535728455;0.35821011662483215
1724.0;0.0;0.6296420693397522;0.3703579604625702
1730.0;1.0;0.6437116265296936;0.3562884032726288
1784.0;1.0;0.63601154088974;0.3639884293079376
1760.0;0.0;0.6120455265045166;0.3879545032978058
1732.0;1.0;0.6371381282806396;0.3628619313240051
1741.0;1.0;0.6434347629547119;0.35656529664993286
1659.0;0.0;0.6381742358207703;0.3618257939815521
1792.0;0.0;0.64280104637146;0.35719892382621765
1776.0;0.0;0.6347874999046326;0.36521247029304504
1740.0;0.0;0.6423090100288391;0.3576909601688385
1707.0;0.0;0.6291730999946594;0.37082692980766296
1774.0;0.0;0.6274028420448303;0.37259718775749207
1764.0;0.0;0.6410639882087708;0.358936071395874
1752.0;0.0;0.6296420693397522;0.3703579604625702
1786.0;0.0;0.6276023387908936;0.37239763140678406
1750.0;0.0;0.6416255235671997;0.3583745062351227
1798.0;0.0;0.6444423198699951;0.3555576503276825
1816.0;0.0;0.6434347629547119;0.35656529664993286
1821.0;0.0;0.6470715403556824;0.35292842984199524
877.0;0.0;0.6409680843353271;0.35903191566467285
1778.0;0.0;0.6339824795722961;0.3660174310207367
1143.0;0.0;0.635529100894928;0.3644709289073944
1510.0;0.0;0.6424276232719421;0.3575723171234131
1853.0;0.0;0.641817033290863;0.3581828773021698
1807.0;1.0;0.6308991312980652;0.3691008687019348
1842.0;0.0;0.6469071507453918;0.35309287905693054
1845.0;0.0;0.614637553691864;0.3853624761104584
1875.0;0.0;0.6033889055252075;0.3966110944747925
1860.0;0.0;0.6226983070373535;0.37730172276496887
1881.0;1.0;0.6437638998031616;0.35623612999916077
1865.0;0.0;0.6376898288726807;0.36231014132499695
1848.0;1.0;0.6225643754005432;0.3774355947971344
1878.0;0.0;0.629919707775116;0.37008026242256165
1833.0;0.0;0.6408038139343262;0.3591962158679962
165.0;0.0;0.635850727558136;0.3641493022441864
876.0;0.0;0.6437638998031616;0.35623612999916077
1906.0;0.0;0.6301133036613464;0.36988672614097595
1918.0;1.0;0.6403110027313232;0.35968905687332153
1902.0;0.0;0.6041820645332336;0.39581796526908875
1813.0;0.0;0.6411324143409729;0.3588675856590271
1923.0;0.0;0.6339662075042725;0.36603379249572754
1936.0;0.0;0.605701208114624;0.394298791885376
1940.0;0.0;0.6335756182670593;0.3664243817329407
1946.0;0.0;0.6442781090736389;0.3557218313217163
737.0;1.0;0.6617602705955505;0.33823975920677185
1973.0;1.0;0.6380132436752319;0.36198684573173523
1954.0;0.0;0.6464012265205383;0.35359877347946167
1921.0;0.0;0.6465782523155212;0.35342171788215637
1941.0;0.0;0.6429651379585266;0.3570348620414734
73.0;1.0;0.635529100894928;0.3644709289073944
1947.0;0.0;0.6350467801094055;0.3649532198905945
1938.0;1.0;0.6378512978553772;0.3621487021446228
1943.0;1.0;0.6329590678215027;0.3670409023761749
259.0;1.0;0.630584716796875;0.369415283203125
1975.0;0.0;0.6410828232765198;0.35891714692115784
1861.0;0.0;0.6369770765304565;0.36302289366722107
1217.0;0.0;0.6431291699409485;0.35687077045440674
1977.0;1.0;0.642612099647522;0.357387900352478
1358.0;0.0;0.6359153985977173;0.3640846014022827
1914.0;1.0;0.6354318857192993;0.3645680844783783
939.0;1.0;0.6382561326026917;0.36174386739730835
1981.0;0.0;0.641392171382904;0.35860779881477356
1972.0;0.0;0.6409680843353271;0.35903191566467285
335.0;0.0;0.6341434717178345;0.36585649847984314
2010.0;0.0;0.6423090100288391;0.3576909601688385
2014.0;1.0;0.6408038139343262;0.3591962158679962
1995.0;0.0;0.6334405541419983;0.3665594458580017
1997.0;0.0;0.6422075629234314;0.357792466878891
854.0;0.0;0.635593056678772;0.364406943321228
2023.0;1.0;0.6354318857192993;0.3645680844783783
1346.0;0.0;0.6394075751304626;0.3605923652648926
1959.0;1.0;0.6318687796592712;0.36813122034072876
2046.0;0.0;0.6221629977226257;0.37783703207969666
2029.0;1.0;0.6349486112594604;0.36505141854286194
2049.0;0.0;0.6308991312980652;0.3691008687019348
2066.0;0.0;0.6377823352813721;0.3622177243232727
2063.0;0.0;0.6394217014312744;0.3605782389640808
2048.0;0.0;0.64055997133255;0.3594400882720947
2052.0;0.0;0.6398510336875916;0.3601490259170532
1239.0;0.0;0.6361724138259888;0.36382752656936646
2059.0;0.0;0.6384268403053284;0.3615732192993164
2075.0;0.0;0.6279162764549255;0.37208372354507446
1991.0;0.0;0.6414892077445984;0.3585107624530792
2067.0;0.0;0.6409680843353271;0.35903191566467285
2051.0;0.0;0.6277594566345215;0.37224048376083374
2085.0;0.0;0.6454278826713562;0.3545721769332886
2110.0;1.0;0.6424729824066162;0.357526957988739
2073.0;0.0;0.6424475908279419;0.35755234956741333
1240.0;1.0;0.635850727558136;0.3641493022441864
2095.0;0.0;0.642145037651062;0.357854962348938
1985.0;1.0;0.6408038139343262;0.3591962158679962
2096.0;0.0;0.6389104127883911;0.3610896170139313
2100.0;0.0;0.6368160843849182;0.3631838262081146
2079.0;0.0;0.6395555138587952;0.360444575548172
2112.0;0.0;0.6421186923980713;0.35788124799728394
2086.0;0.0;0.6414611339569092;0.3585388958454132
2117.0;0.0;0.6370442509651184;0.36295565962791443
2118.0;0.0;0.6406394839286804;0.3593605160713196
2127.0;0.0;0.6222968101501465;0.3777032494544983
2142.0;0.0;0.6399013996124268;0.360098659992218
2136.0;0.0;0.6043996810913086;0.3956003189086914
2129.0;1.0;0.6436215043067932;0.3563784956932068
2135.0;0.0;0.6408038139343262;0.3591962158679962
2151.0;0.0;0.6354318857192993;0.3645680844783783
2090.0;0.0;0.6381044983863831;0.36189550161361694
2138.0;0.0;0.6369412541389465;0.36305874586105347
1851.0;1.0;0.635529100894928;0.3644709289073944
2155.0;0.0;0.6320527791976929;0.36794722080230713
2174.0;0.0;0.6435534954071045;0.35644644498825073
2178.0;0.0;0.6413835287094116;0.358616441488266
2172.0;0.0;0.6316856145858765;0.36831438541412354
2165.0;0.0;0.6406394839286804;0.3593605160713196
2198.0;1.0;0.6437638998031616;0.35623612999916077
2182.0;0.0;0.6368160843849182;0.3631838262081146
2201.0;1.0;0.6421186923980713;0.35788124799728394
45.0;0.0;0.6441139578819275;0.3558860719203949
2169.0;0.0;0.6396540999412537;0.36034590005874634
2193.0;0.0;0.6347253918647766;0.3652746379375458
2176.0;0.0;0.6381483674049377;0.36185163259506226
2209.0;0.0;0.6391820311546326;0.3608180582523346
2150.0;0.0;0.6377823352813721;0.3622177243232727
2225.0;0.0;0.6477333307266235;0.3522666394710541
2179.0;0.0;0.6334405541419983;0.3665594458580017
2188.0;0.0;0.6325945258140564;0.3674054443836212
2208.0;0.0;0.6328564286231995;0.36714354157447815
2222.0;0.0;0.6360766291618347;0.36392340064048767
2192.0;0.0;0.6320527791976929;0.36794722080230713
2181.0;0.0;0.6440930962562561;0.3559069037437439
2183.0;0.0;0.6354318857192993;0.3645680844783783
2215.0;1.0;0.6406698822975159;0.35933011770248413
2234.0;0.0;0.6294875144958496;0.3705124855041504
2253.0;0.0;0.6323152184486389;0.3676847815513611
2239.0;0.0;0.6297991275787354;0.37020090222358704
2246.0;1.0;0.6352075338363647;0.36479249596595764
2161.0;1.0;0.6274454593658447;0.37255460023880005
2260.0;0.0;0.646625280380249;0.353374719619751
314.0;0.0;0.6368160843849182;0.3631838262081146
2285.0;1.0;0.6151461601257324;0.38485386967658997
2274.0;1.0;0.6387654542922974;0.36123448610305786
2282.0;0.0;0.6336606740951538;0.3663392961025238
2254.0;0.0;0.6392285823822021;0.36077144742012024
2186.0;0.0;0.6361724138259888;0.36382752656936646
2304.0;0.0;0.6404752731323242;0.35952478647232056
2331.0;0.0;0.6429411172866821;0.35705888271331787
2334.0;0.0;0.6139135360717773;0.38608649373054504
2369.0;1.0;0.6294533014297485;0.37054672837257385
1759.0;0.0;0.6337332725524902;0.3662666976451874
2384.0;1.0;0.6410866379737854;0.3589133322238922
2281.0;0.0;0.6403110027313232;0.35968905687332153
1148.0;0.0;0.6290141344070435;0.37098586559295654
2324.0;0.0;0.6177165508270264;0.38228341937065125
2303.0;0.0;0.6338363885879517;0.36616358160972595
2317.0;0.0;0.6369770765304565;0.36302289366722107
2241.0;1.0;0.6338216066360474;0.36617839336395264
2349.0;0.0;0.6343044638633728;0.3656955361366272
2395.0;1.0;0.6312136054039001;0.3687863349914551
2420.0;0.0;0.6373670101165771;0.3626329302787781
2428.0;0.0;0.6320003867149353;0.3679996132850647
2392.0;0.0;0.6401467323303223;0.3598532974720001
2393.0;1.0;0.6360766291618347;0.36392340064048767
2416.0;0.0;0.6350467801094055;0.3649532198905945
2391.0;0.0;0.6426370143890381;0.3573629558086395
2429.0;1.0;0.6352707743644714;0.36472922563552856
2367.0;0.0;0.6419810652732849;0.3580189347267151
2381.0;1.0;0.6341434717178345;0.36585649847984314
2378.0;0.0;0.627132773399353;0.3728671669960022
2433.0;0.0;0.6351096630096436;0.36489030718803406
2364.0;0.0;0.6376211643218994;0.3623787760734558
2359.0;0.0;0.636054277420044;0.36394575238227844
2402.0;1.0;0.6328363418579102;0.36716362833976746
2276.0;0.0;0.6437856554985046;0.35621437430381775
2453.0;0.0;0.6317423582077026;0.36825764179229736
839.0;0.0;0.6320527791976929;0.36794722080230713
2325.0;0.0;0.6320003867149353;0.3679996132850647
91.0;0.0;0.6348860859870911;0.3651139438152313
2454.0;0.0;0.6382656693458557;0.3617343604564667
2499.0;0.0;0.6396050453186035;0.36039501428604126
2521.0;1.0;0.6446065306663513;0.3553934395313263
2466.0;1.0;0.6396540999412537;0.36034590005874634
2528.0;1.0;0.6432701349258423;0.35672980546951294
2475.0;0.0;0.632479727268219;0.3675202429294586
2548.0;0.0;0.6261468529701233;0.3738531768321991
2536.0;1.0;0.6427853107452393;0.35721471905708313
2610.0;0.0;0.6363990902900696;0.3636009097099304
2474.0;0.0;0.635850727558136;0.3641493022441864
2504.0;0.0;0.6351096630096436;0.36489030718803406
2484.0;0.0;0.6411324143409729;0.3588675856590271
2490.0;0.0;0.6287015676498413;0.3712983727455139
2518.0;0.0;0.6371381282806396;0.3628619313240051
2503.0;0.0;0.6406394839286804;0.3593605160713196
2511.0;1.0;0.6426370143890381;0.3573629558086395
2507.0;0.0;0.6370442509651184;0.36295565962791443
2519.0;0.0;0.6389197707176208;0.361080139875412
2522.0;1.0;0.6326301693916321;0.36736980080604553
452.0;1.0;0.6409680843353271;0.35903191566467285
1061.0;0.0;0.6283873915672302;0.3716125786304474
2506.0;1.0;0.636721670627594;0.363278329372406
2543.0;0.0;0.6278742551803589;0.3721257448196411
2575.0;0.0;0.6432933211326599;0.3567067086696625
2545.0;0.0;0.630134105682373;0.36986589431762695
2579.0;0.0;0.642776608467102;0.35722342133522034
2592.0;0.0;0.648208498954773;0.35179153084754944
878.0;0.0;0.6323741674423218;0.36762580275535583
2562.0;0.0;0.6424729824066162;0.357526957988739
2584.0;0.0;0.6329529881477356;0.3670470118522644
2582.0;1.0;0.6313709616661072;0.3686290383338928
2591.0;0.0;0.6369770765304565;0.36302289366722107
2602.0;0.0;0.631376326084137;0.36862367391586304
2612.0;0.0;0.6363333463668823;0.36366668343544006
2664.0;0.0;0.6325348615646362;0.367465078830719
1988.0;0.0;0.6371381282806396;0.3628619313240051
195.0;0.0;0.6316856145858765;0.36831438541412354
2623.0;0.0;0.64280104637146;0.35719892382621765
2642.0;0.0;0.6050676107406616;0.39493241906166077
2344.0;0.0;0.605320930480957;0.39467906951904297
2628.0;0.0;0.6342892050743103;0.3657107353210449
2666.0;1.0;0.6293303370475769;0.37066972255706787
2669.0;0.0;0.6069711446762085;0.3930288851261139
2702.0;0.0;0.6393257975578308;0.3606742322444916
2663.0;0.0;0.6330172419548035;0.36698272824287415
2697.0;0.0;0.6365603804588318;0.3634396493434906
2684.0;1.0;0.6408038139343262;0.3591962158679962
2699.0;0.0;0.6434347629547119;0.35656529664993286
2713.0;0.0;0.6386148929595947;0.3613851070404053
2757.0;1.0;0.6447517275810242;0.35524824261665344
2759.0;1.0;0.6294875144958496;0.3705124855041504
2792.0;0.0;0.6287015676498413;0.3712983727455139
2786.0;0.0;0.6283866167068481;0.37161341309547424
2799.0;0.0;0.6266611814498901;0.37333887815475464
2781.0;0.0;0.6313709616661072;0.3686290383338928
2821.0;0.0;0.6317423582077026;0.36825764179229736
2791.0;1.0;0.6288586854934692;0.371141254901886
2848.0;0.0;0.6440930962562561;0.3559069037437439
2852.0;0.0;0.6395717859268188;0.36042818427085876
2743.0;0.0;0.6436215043067932;0.3563784956932068
2780.0;0.0;0.6297991275787354;0.37020090222358704
2783.0;0.0;0.64280104637146;0.35719892382621765
2880.0;0.0;0.6386587619781494;0.3613412082195282
2798.0;0.0;0.6387491822242737;0.3612508177757263
2782.0;0.0;0.6364942193031311;0.3635057508945465
2833.0;0.0;0.6216282248497009;0.37837183475494385
2771.0;0.0;0.6424475908279419;0.35755234956741333
2858.0;1.0;0.6435993313789368;0.3564006984233856
2902.0;0.0;0.6419543027877808;0.3580457270145416
2710.0;0.0;0.6452635526657104;0.35473641753196716
2930.0;1.0;0.6416255235671997;0.3583745062351227
3009.0;0.0;0.6419543027877808;0.3580457270145416
2983.0;0.0;0.635850727558136;0.3641493022441864
1248.0;0.0;0.637269914150238;0.36273014545440674
2959.0;0.0;0.6451348662376404;0.3548651337623596
1372.0;0.0;0.6445698142051697;0.3554302453994751
2811.0;0.0;0.6360766291618347;0.36392340064048767
3030.0;0.0;0.6351096630096436;0.36489030718803406
3033.0;0.0;0.6447707414627075;0.3552291989326477
2832.0;0.0;0.6444423198699951;0.3555576503276825
2913.0;0.0;0.6282303333282471;0.37176966667175293
3035.0;0.0;0.6387491822242737;0.3612508177757263
3005.0;0.0;0.6404752731323242;0.35952478647232056
3016.0;0.0;0.6330172419548035;0.36698272824287415
3020.0;0.0;0.6196296215057373;0.3803703188896179
2907.0;1.0;0.6287015676498413;0.3712983727455139
2952.0;0.0;0.6304314732551575;0.36956849694252014
3040.0;0.0;0.6240212917327881;0.3759786784648895
3027.0;0.0;0.6397367715835571;0.36026322841644287
3004.0;0.0;0.6346264481544495;0.36537349224090576
3049.0;0.0;0.6404752731323242;0.35952478647232056
3068.0;0.0;0.6280733346939087;0.3719267249107361
3001.0;0.0;0.6355900764465332;0.3644099235534668
3100.0;0.0;0.6399825215339661;0.3600175082683563
3116.0;0.0;0.6380917429924011;0.36190828680992126
3077.0;1.0;0.6212274432182312;0.3787726163864136
2999.0;1.0;0.6290159225463867;0.37098410725593567
3154.0;0.0;0.6327083706855774;0.3672915995121002
2262.0;0.0;0.6444423198699951;0.3555576503276825
3132.0;0.0;0.635850727558136;0.3641493022441864
2638.0;0.0;0.6310612559318542;0.36893871426582336
3039.0;1.0;0.6362177133560181;0.3637823164463043
3146.0;0.0;0.6419543027877808;0.3580457270145416
3159.0;1.0;0.6346264481544495;0.36537349224090576
3130.0;0.0;0.6412967443466187;0.35870322585105896
3168.0;0.0;0.6301133036613464;0.36988672614097595
2770.0;0.0;0.6452635526657104;0.35473641753196716
3037.0;1.0;0.6408038139343262;0.3591962158679962
2589.0;0.0;0.6432933211326599;0.3567067086696625
2824.0;0.0;0.6287015676498413;0.3712983727455139
3148.0;0.0;0.6404374241828918;0.35956257581710815
3149.0;0.0;0.6424729824066162;0.357526957988739
3038.0;0.0;0.6413447260856628;0.35865533351898193
2917.0;0.0;0.64280104637146;0.35719892382621765
3219.0;0.0;0.6279162764549255;0.37208372354507446
3198.0;0.0;0.6383063197135925;0.36169371008872986
3188.0;0.0;0.6369684338569641;0.3630315661430359
3123.0;0.0;0.6431291699409485;0.35687077045440674
2895.0;0.0;0.6450992822647095;0.3549007475376129
2950.0;0.0;0.6343044638633728;0.3656955361366272
3114.0;0.0;0.6270886659622192;0.3729113042354584
2992.0;0.0;0.6377823352813721;0.3622177243232727
3136.0;0.0;0.6225643754005432;0.3774355947971344
3133.0;0.0;0.6301133036613464;0.36988672614097595
2566.0;0.0;0.6381044983863831;0.36189550161361694
3186.0;0.0;0.6459925174713135;0.3540075421333313
2849.0;0.0;0.6331781148910522;0.3668219745159149
3036.0;0.0;0.6432701349258423;0.35672980546951294
2994.0;0.0;0.6441139578819275;0.3558860719203949
3085.0;1.0;0.6269316673278809;0.3730683922767639
2805.0;0.0;0.6435966491699219;0.35640329122543335
3179.0;0.0;0.6309037804603577;0.36909621953964233
3143.0;0.0;0.6329452395439148;0.3670547604560852
3191.0;0.0;0.6320003867149353;0.3679996132850647
3197.0;0.0;0.6394906640052795;0.36050933599472046
3171.0;0.0;0.6304275989532471;0.3695724904537201
3224.0;0.0;0.6419543027877808;0.3580457270145416
3213.0;0.0;0.6437638998031616;0.35623612999916077
3513.0;0.0;0.6302347779273987;0.3697652220726013
